10en,Module,Name,DemangledName,Type,RawType,Size,DefaultValues,Comment,IsReadOnly
0x67E838,,IdentityMatrix,IdentityMatrix,,,1,,,1
0x67E9C8,,riid,riid,IID,,16,,,1
0x67E9D8,,rclsid,rclsid,IID,,16,,,1
0x67EC9C,,iid,iid,IID,,16,,,1
0x67EE9C,,stDiDataFormat,stDiDataFormat,,,1,,,1
0x67FC90,,_RwD3D8PrimConv,_RwD3D8PrimConv,,,1,,,1
0x680074,,TlsDirectory,TlsDirectory,,,1,,,1
0x680078,,TlsEnd_ptr,TlsEnd_ptr,,,1,,,1
0x68007C,,TlsIndex_ptr,TlsIndex_ptr,,,1,,,1
0x680080,,TlsCallbacks_ptr,TlsCallbacks_ptr,,,1,,,1
0x680084,,TlsSizeOfZeroFill,TlsSizeOfZeroFill,,,1,,,1
0x680088,,TlsCharacteristics,TlsCharacteristics,,,1,,,1
0x68308C,,CAnimBlendAssociation_VTable,CAnimBlendAssociation_VTable,,,1,,,0
0x6830C0,,CAnimBlendSequence_VTable,CAnimBlendSequence_VTable,,,1,,,0
0x6830C8,,fAnimZero,fAnimZero,const float,,4,0.0f,,0
0x6830CC,,fAnimOne,fAnimOne,,,1,,,0
0x683190,,fAnimZeroA,fAnimZeroA,float,,4,,,0
0x6857B0,,stAnimGroupTexts,stAnimGroupTexts,,,1,,,0
0x6857B4,,pszAnimSectionName,pszAnimSectionName,,,1,,,0
0x6857B8,,nInitModelIndex,nInitModelIndex,int[1],,4,,,0
0x6857BC,,nGroupAnimCount,nGroupAnimCount,int[1],,4,,,0
0x6857C0,,nGroupAnimNames,nGroupAnimNames,,,1,,,0
0x6857C4,,nGroupAnimInfoList,nGroupAnimInfoList,int[1],,4,,,0
0x68658C,,CBuilding_VTable,CBuilding_VTable,,,1,,,0
0x6865DC,,CTreadable_VTable,CTreadable_VTable,,,1,,,0
0x686DBC,,a,a,float,,4,,,0
0x686FC8,,fCarDensity,fCarDensity,,,1,,,0
0x686FCC,,dwSpawnVehicleLimit,dwSpawnVehicleLimit,,,1,,,0
0x687138,,fDestructRngOffscrVeh,fDestructRngOffscrVeh,,,1,,,0
0x687598,,fGameLogicCamFade2,fGameLogicCamFade2,float,,4,,,0
0x688098,,PickupTextParameters,PickupTextParameters,tPickupTextParameters[44],,352,,,0
0x688784,,Opcode200To300,Opcode200To300,,,1,,jump table for switch statement,0
0x688D0C,,Opcode100To200,Opcode100To200,,,1,,jump table for switch statement,0
0x689238,,Opcode000To100,Opcode000To100,,,1,,jump table for switch statement,0
0x689514,,Opcode400To500,Opcode400To500,,,1,,jump table for switch statement,0
0x6898F8,,Opcode700To800,Opcode700To800,,,1,,jump table for switch statement,0
0x68AE2C,,fCamDistFromPlayer,fCamDistFromPlayer,float,,4,,,0
0x68B360,,CDummy_VTable,CDummy_VTable,,,1,,,0
0x68B5DC,,CEntity_VTable,CEntity_VTable,,,1,,,0
0x68BD50,CFileMgr,_ZN8CFileMgr14ms_rootDirNameE,CFileMgr::ms_rootDirName,char[128],,128,,,0
0x68D078,,fMultiplyByHalf,fMultiplyByHalf,,,1,,,0
0x68DD64,CGame,_ZN5CGame9bDemoModeE,CGame::bDemoMode,const bool,,1,true,,0
0x68DD68,CGame,_ZN5CGame9nastyGameE,CGame::nastyGame,const bool,,1,true,,0
0x68DD84,,fDefaultFOV,fDefaultFOV,const float,,4,120.0f,,0
0x68E4BC,,pSplashNameArray,pSplashNameArray,int[1],,4,,,0
0x68E810,,wMIDTrafficLight1,wMIDTrafficLight1,,,1,,,0
0x68E814,,wMIDMTraffic4,wMIDMTraffic4,,,1,,,0
0x68E818,,wMIDMTraffic1,wMIDMTraffic1,,,1,,,0
0x68E81C,,wMIDMTraffic2,wMIDMTraffic2,,,1,,,0
0x68E820,,wMIDLampPost1,wMIDLampPost1,,,1,,,0
0x68E824,,wMIDLampPost2,wMIDLampPost2,,,1,,,0
0x68E828,,wMIDLampPost3,wMIDLampPost3,,,1,,,0
0x68E82C,,wMIDDoubleStreetLght1,wMIDDoubleStreetLght1,,,1,,,0
0x68E830,,wMIDStreetlamp1,wMIDStreetlamp1,,,1,,,0
0x68E834,,wMIDStreetlamp2,wMIDStreetlamp2,,,1,,,0
0x68E838,,wMIDVeg_Tree3,wMIDVeg_Tree3,,,1,,,0
0x68E83C,,wMIDVeg_Treea1,wMIDVeg_Treea1,,,1,,,0
0x68E840,,wMIDVeg_Treeb1,wMIDVeg_Treeb1,,,1,,,0
0x68E844,,wMIDVeg_Treea3,wMIDVeg_Treea3,,,1,,,0
0x68E848,,wMIDDoc_Crane_Cab0,wMIDDoc_Crane_Cab0,,,1,,,0
0x68E84C,,wMIDDoc_Crane_Cab01,wMIDDoc_Crane_Cab01,,,1,,,0
0x68E850,,wMIDDoc_Crane_Cab02,wMIDDoc_Crane_Cab02,,,1,,,0
0x68E854,,wMIDDoc_Crane_Cab03,wMIDDoc_Crane_Cab03,,,1,,,0
0x68E858,,wMIDBoatCranelg0,wMIDBoatCranelg0,,,1,,,0
0x68E85C,,wMIDLODnetopa0,wMIDLODnetopa0,,,1,,,0
0x68E860,,wMIDParkingMeter,wMIDParkingMeter,,,1,,,0
0x68E864,,wMIDParkingMeterg,wMIDParkingMeterg,,,1,,,0
0x68E868,,wMIDMall_Fans,wMIDMall_Fans,,,1,,,0
0x68E86C,,wMIDHtl_Fan_Rotate_Nt,wMIDHtl_Fan_Rotate_Nt,,,1,,,0
0x68E870,,WMIDHtl_Fan_Rotate_Dy,WMIDHtl_Fan_Rotate_Dy,,,1,,,0
0x68E874,,wMIDHotRoomFan,wMIDHotRoomFan,,,1,,,0
0x68E878,,wMIDPhoneBooth1,wMIDPhoneBooth1,,,1,,,0
0x68E87C,,wMIDWasteBin,wMIDWasteBin,,,1,,,0
0x68E880,,wMIDBin1,wMIDBin1,,,1,,,0
0x68E884,,wMIDPostBox1,wMIDPostBox1,,,1,,,0
0x68E888,,wMIDNewsStand1,wMIDNewsStand1,,,1,,,0
0x68E88C,,wMIDTrafficCone,wMIDTrafficCone,,,1,,,0
0x68E890,,wMIDDump1,wMIDDump1,,,1,,,0
0x68E894,,wMIDRoadWorkBarrier1,wMIDRoadWorkBarrier1,,,1,,,0
0x68E898,,wMIDBusSign1,wMIDBusSign1,,,1,,,0
0x68E89C,,wMIDNoParkingSign1,wMIDNoParkingSign1,,,1,,,0
0x68E8A0,,wMIDPhoneSign,wMIDPhoneSign,,,1,,,0
0x68E8A4,,wMIDFireHydrant,wMIDFireHydrant,,,1,,,0
0x68E8A8,,wMIDPackage1,wMIDPackage1,,,1,,,0
0x68E8AC,,wMIDMoney,wMIDMoney,,,1,,,0
0x68E8B0,,wMIDBarrel1,wMIDBarrel1,,,1,,,0
0x68E8B4,,wMID_Dk_Paynspraydoor,wMID_Dk_Paynspraydoor,,,1,,,0
0x68E8B8,,wMID_Dk_Waretankdoor1,wMID_Dk_Waretankdoor1,,,1,,,0
0x68E8BC,,wMIDHav_Garagedoor1,wMIDHav_Garagedoor1,,,1,,,0
0x68E8C0,,wMIDHav_Garagedoor02,wMIDHav_Garagedoor02,,,1,,,0
0x68E8C4,,wMIDHav_Garagedoor03,wMIDHav_Garagedoor03,,,1,,,0
0x68E8C8,,wMIDHav_Garagedoor04,wMIDHav_Garagedoor04,,,1,,,0
0x68E8CC,,wMIDLh_Showdoor03,wMIDLh_Showdoor03,,,1,,,0
0x68E8D0,,wMIDLh_Showdoor1,wMIDLh_Showdoor1,,,1,,,0
0x68E8D4,,wMIDLhtankdoor,wMIDLhtankdoor,,,1,,,0
0x68E8D8,,wMIDNbtgardoor,wMIDNbtgardoor,,,1,,,0
0x68E8DC,,wMIDDk_Camjonesdoor,wMIDDk_Camjonesdoor,,,1,,,0
0x68E8E0,,wMIDNbtgardoor02,wMIDNbtgardoor02,,,1,,,0
0x68E8E4,,wMIDDt_savedra,wMIDDt_savedra,,,1,,,0
0x68E8E8,,wMIDDt_savedrb,wMIDDt_savedrb,,,1,,,0
0x68E8EC,,wMIDDk_bombdoor,wMIDDk_bombdoor,,,1,,,0
0x68E8F0,,wMIDHaiwshpnsdoor,wMIDHaiwshpnsdoor,,,1,,,0
0x68E8F4,,wMIDWshpnsdoor,wMIDWshpnsdoor,,,1,,,0
0x68E8F8,,wMIDNbecpnsdoor,wMIDNbecpnsdoor,,,1,,,0
0x68E8FC,,wMIDNbtgardoor03,wMIDNbtgardoor03,,,1,,,0
0x68E900,,wMIDDt_Savedrc,wMIDDt_Savedrc,,,1,,,0
0x68E904,,wMIDDt_Savedrd,wMIDDt_Savedrd,,,1,,,0
0x68E908,,wMIDMan_FrntstepGD,wMIDMan_FrntstepGD,,,1,,,0
0x68E90C,,wMIDSvegrgedoor,wMIDSvegrgedoor,,,1,,,0
0x68E910,,wMIDBarrel2,wMIDBarrel2,,,1,,,0
0x68E914,,wMIDBriefcase,wMIDBriefcase,,,1,,,0
0x68E918,,wMIDGlasssmash,wMIDGlasssmash,,,1,,,0
0x68E91C,,wMIDGlassfx_Composh,wMIDGlassfx_Composh,,,1,,,0
0x68E920,,wMIDBarrel4,wMIDBarrel4,,,1,,,0
0x68E924,,wMIDAdrenaline,wMIDAdrenaline,,,1,,,0
0x68E928,,wMIDBodyarmour,wMIDBodyarmour,,,1,,,0
0x68E92C,,wMIDInfo,wMIDInfo,,,1,,,0
0x68E930,,wMIDHealth,wMIDHealth,,,1,,,0
0x68E934,,wMIDBonus,wMIDBonus,,,1,,,0
0x68E938,,wMIDBribe,wMIDBribe,,,1,,,0
0x68E93C,,wMIDKillFrenzy,wMIDKillFrenzy,,,1,,,0
0x68E940,,wMIDCamerapickup,wMIDCamerapickup,,,1,,,0
0x68E944,,wMIDBigdollar,wMIDBigdollar,,,1,,,0
0x68E948,,wMIDPickupsave,wMIDPickupsave,,,1,,,0
0x68E94C,,wMIDProperty_Locked,wMIDProperty_Locked,,,1,,,0
0x68E950,,wMIDProperty_Fsale,wMIDProperty_Fsale,,,1,,,0
0x68E954,,wMIDClothesp,wMIDClothesp,,,1,,,0
0x68E958,,wMIDBollardlight,wMIDBollardlight,,,1,,,0
0x68E95C,,wMIDBar_Barrier10,wMIDBar_Barrier10,,,1,,,0
0x68E960,,wMIDBar_Barrier12,wMIDBar_Barrier12,,,1,,,0
0x68E964,,wMIDPetrolpump,wMIDPetrolpump,,,1,,,0
0x68E968,,wMIDWashgaspump,wMIDWashgaspump,,,1,,,0
0x68E96C,,wMIDBouy,wMIDBouy,,,1,,,0
0x68E970,,wMIDParktable1,wMIDParktable1,,,1,,,0
0x68E974,,wMIDLamppost1,wMIDLamppost1,,,1,,,0
0x68E978,,wMIDVeg_Palm04,wMIDVeg_Palm04,,,1,,,0
0x68E97C,,wMIDVeg_Palwee02,wMIDVeg_Palwee02,,,1,,,0
0x68E980,,wMIDVeg_Palmkbb11,wMIDVeg_Palmkbb11,,,1,,,0
0x68E984,,wMIDVeg_Palmkb4,wMIDVeg_Palmkb4,,,1,,,0
0x68E988,,wMIDVeg_Palm02,wMIDVeg_Palm02,,,1,,,0
0x68E98C,,wMIDVeg_Palmkb3,wMIDVeg_Palmkb3,,,1,,,0
0x68E990,,wMIDVeg_Palmbig14,wMIDVeg_Palmbig14,,,1,,,0
0x68E994,,wMIDVeg_Palm01,wMIDVeg_Palm01,,,1,,,0
0x68E998,,wMIDMlamppost,wMIDMlamppost,,,1,,,0
0x68E99C,,wMIDRoadworkbarrier,wMIDRoadworkbarrier,,,1,,,0
0x68E9A0,,wMIDLittleha_Police,wMIDLittleha_Police,,,1,,,0
0x68E9A4,,wMIDTelgrphpole02,wMIDTelgrphpole02,,,1,,,0
0x68E9A8,,wMIDTrafficlight1,wMIDTrafficlight1,,,1,,,0
0x68E9AC,,wMIDParkbench1,wMIDParkbench1,,,1,,,0
0x68E9B0,,wMIDPlc_Stinger,wMIDPlc_Stinger,,,1,,,0
0x68E9B4,,wMIDOd_Lightbeam,wMIDOd_Lightbeam,,,1,,,0
0x68E9B8,,wMIDAp_Radar1_01,wMIDAp_Radar1_01,,,1,,,0
0x68E9BC,,wMIDRcbomb,wMIDRcbomb,,,1,,,0
0x68E9C0,,wMIDBeachball,wMIDBeachball,,,1,,,0
0x68E9C4,,wMIDSandcastle1,wMIDSandcastle1,,,1,,,0
0x68E9C8,,wMIDSandcastle2,wMIDSandcastle2,,,1,,,0
0x68E9CC,,wMIDJellyfish,wMIDJellyfish,,,1,,,0
0x68E9D0,,wMIDJellyfish01,wMIDJellyfish01,,,1,,,0
0x68E9D4,,wMIDFish1single,wMIDFish1single,,,1,,,0
0x68E9D8,,wMIDFish1s,wMIDFish1s,,,1,,,0
0x68E9DC,,wMIDFish2single,wMIDFish2single,,,1,,,0
0x68E9E0,,wMIDFish2s,wMIDFish2s,,,1,,,0
0x68E9E4,,wMIDFish3single,wMIDFish3single,,,1,,,0
0x68E9E8,,wMIDFish3s,wMIDFish3s,,,1,,,0
0x68E9EC,,wMIDTurtle,wMIDTurtle,,,1,,,0
0x68E9F0,,wMIDDolphin,wMIDDolphin,,,1,,,0
0x68E9F4,,wMIDShark,wMIDShark,,,1,,,0
0x68E9F8,,wMIDSubmarine,wMIDSubmarine,,,1,,,0
0x68E9FC,,wMIDEsc_Step,wMIDEsc_Step,,,1,,,0
0x68EA00,,wMIDLounge_Wood_Up,wMIDLounge_Wood_Up,,,1,,,0
0x68EA04,,wMIDLounge_Towel_Up,wMIDLounge_Towel_Up,,,1,,,0
0x68EA08,,wMIDLounge_Wood_Dn,wMIDLounge_Wood_Dn,,,1,,,0
0x68EA0C,,wMIDLotion,wMIDLotion,,,1,,,0
0x68EA10,,wMIDBeachtowel01,wMIDBeachtowel01,,,1,,,0
0x68EA14,,wMIDBeachtowel02,wMIDBeachtowel02,,,1,,,0
0x68EA18,,wMIDBeachtowel03,wMIDBeachtowel03,,,1,,,0
0x68EA1C,,wMIDBeachtowel04,wMIDBeachtowel04,,,1,,,0
0x68EA20,,wMIDBlimp_Night,wMIDBlimp_Night,,,1,,,0
0x68EA24,,wMIDBlimp_Day,wMIDBlimp_Day,,,1,,,0
0x68EA28,,wMIDYt_Main_Body,wMIDYt_Main_Body,,,1,,,0
0x68EA2C,,wMIDYt_Main_Body2,wMIDYt_Main_Body2,,,1,,,0
0x68F1F4,,fGmSpeedInc,fGmSpeedInc,,,1,,,0
0x68F1FC,,fGmSpeedDec,fGmSpeedDec,,,1,,,0
0x68F59C,,fPhysDivideBy2,fPhysDivideBy2,,,1,,,0
0x68F5DC,,damageFactor,damageFactor,float,,4,,,0
0x68F5F0,,fGravity,fGravity,,,1,,,0
0x68F660,,fPhysDivideBy50,fPhysDivideBy50,,,1,,,0
0x68F664,,fPhysSectorOffsetX,fPhysSectorOffsetX,,,1,,,0
0x68F668,,fPhysSectorOffsetY,fPhysSectorOffsetY,,,1,,,0
0x68F6B4,,CPhysical_VTable,CPhysical_VTable,,,1,,,0
0x68F958,,bSphereColorR,bSphereColorR,,,1,,,0
0x68F959,,bSphereColorG,bSphereColorG,,,1,,,0
0x68F95A,,bSphereColorB,bSphereColorB,,,1,,,0
0x68F95B,,bSphereColorA,bSphereColorA,,,1,,,0
0x68F95C,,bMarkerColorR,bMarkerColorR,,,1,,,0
0x68F95D,,bMarkerColorG,bMarkerColorG,,,1,,,0
0x68F95E,,bMarkerColorB,bMarkerColorB,,,1,,,0
0x68F95F,,bMarkerColorA,bMarkerColorA,,,1,,,0
0x68F968,,aRadarSpriteList,aRadarSpriteList,CSprite2d *,,4,,,0
0x69034C,,fOneHundredPercent,fOneHundredPercent,,,1,,,0
0x690468,,fGameUnitsToMiles,fGameUnitsToMiles,,,1,,,0
0x691010,,dwPerfFrequency,dwPerfFrequency,,,1,,,0
0x691014,CTimer,_ZN6CTimer31m_snTimeInMillisecondsPauseModeE,CTimer::m_snTimeInMillisecondsPauseMode,int,,4,,,0
0x6910D8,,nWantedMaxLevel,nWantedMaxLevel,,,1,,,0
0x6910DC,,nWantedMaxPoints,nWantedMaxPoints,,,1,,,0
0x69135C,,fWorldBorderLeft,fWorldBorderLeft,,,1,,,0
0x691360,,fWorldBorderTop,fWorldBorderTop,,,1,,,0
0x691364,,fWorldBorderRight,fWorldBorderRight,,,1,,,0
0x691368,,fWorldBorderBottom,fWorldBorderBottom,,,1,,,0
0x69158C,,CCutsceneObject_VTable,CCutsceneObject_VTable,,,1,,,0
0x6915DC,,CDummyObject_VTable,CDummyObject_VTable,,,1,,,0
0x6917A0,,CObject_VTable,CObject_VTable,,,1,,,0
0x691A10,,CProjectile_VTable,CProjectile_VTable,,,1,,,0
0x691A68,,y2,y2,float,,4,,,0
0x691A9C,,fWeatherTooRainyForPedFx,fWeatherTooRainyForPedFx,,,1,,,0
0x691BAC,,CCivilianPed_VTable,CCivilianPed_VTable,,,1,,,0
0x691CE4,,CCopPed_VTable,CCopPed_VTable,,,1,,,0
0x691D78,,CEmergencyPed_VTable,CEmergencyPed_VTable,,,1,,,0
0x691E34,,x1,x1,float,,4,,,0
0x691E3C,,fPedOne,fPedOne,float,,4,,,0
0x69272C,,CPed_VTable,CPed_VTable,,,1,,,0
0x69414C,,x2,x2,float,,4,,,0
0x694A7C,,y1,y1,float,,4,,,0
0x694D70,,CPlayerPed_VTable,CPlayerPed_VTable,,,1,,,0
0x695100,,CBaseModelInfo_VTable,CBaseModelInfo_VTable,,,1,,,0
0x695190,,RainbowR,RainbowR,char[6],,6,,,0
0x695198,,RainbowG,RainbowG,char[6],,6,,,0
0x6951A0,,RainbowB,RainbowB,char[6],,6,,,0
0x695538,,gpCoronaTexture,gpCoronaTexture,int[9],,36,,,0
0x69567C,,fCoronas_LightsMult,fCoronas_LightsMult,,,1,,,0
0x69592C,,fCoronaWorldBorderLeft,fCoronaWorldBorderLeft,,,1,,,0
0x695930,,fCoronaWorldBorderTop,fCoronaWorldBorderTop,,,1,,,0
0x695934,,fCoronaWorldBorderRight,fCoronaWorldBorderRight,,,1,,,0
0x695938,,fCoronaWorldBorderBottom,fCoronaWorldBorderBottom,,,1,,,0
0x696658,CDraw,_ZN5CDraw7ms_fFOVE,CDraw::ms_fFOV,float,,4,,,0
0x697A68,,SCALE_X,SCALE_X,,,1,,,0
0x697A6C,,SCREEN_HALF_PERCENT,SCREEN_HALF_PERCENT,,,1,,,0
0x697A70,,SCALE_Y,SCALE_Y,,,1,,,0
0x697A74,,SCREEN_MAX_X,SCREEN_MAX_X,,,1,,,0
0x697A78,,SCREEN_MAX_Y,SCREEN_MAX_Y,,,1,,,0
0x697AF4,,fHudTransparency,fHudTransparency,float,,4,,,0
0x697B10,,fDistNameRightX,fDistNameRightX,,,1,,,0
0x697B14,,fMsgBoxY,fMsgBoxY,,,1,,,0
0x697B18,,rhw,rhw,float,,4,,,0
0x697B20,,fHudTxtHScale,fHudTxtHScale,,,1,,,0
0x697B50,,fHudTxtVScale,fHudTxtVScale,,,1,,,0
0x697B54,,fMoneyTopY,fMoneyTopY,,,1,,,0
0x697B58,,fMoneyRightX,fMoneyRightX,,,1,,,0
0x697B68,,fWepIconScale2,fWepIconScale2,,,1,,,0
0x697B6C,,fWepIconTopY,fWepIconTopY,,,1,,,0
0x697B70,,fWepIconRightX,fWepIconRightX,,,1,,,0
0x697B74,,fWepAmmoVScale,fWepAmmoVScale,,,1,,,0
0x697C0C,,fRadarScale,fRadarScale,,,1,,,0
0x697C10,,fRadarShadowScale,fRadarShadowScale,,,1,,,0
0x697C18,,fRadarBottomY,fRadarBottomY,,,1,,,0
0x697C1C,,fRadarHScale,fRadarHScale,,,1,,,0
0x697C20,,fRadarVScale,fRadarVScale,,,1,,,0
0x697C38,,fMsgBoxTxtTransp,fMsgBoxTxtTransp,,,1,,,0
0x697C3C,,fMsgBoxTime,fMsgBoxTime,,,1,,,0
0x697C40,,fMsgBoxVScale,fMsgBoxVScale,,,1,,,0
0x697C44,,fMsgBoxHScale,fMsgBoxHScale,,,1,,,0
0x697C48,,fMsgBoxLeftX,fMsgBoxLeftX,,,1,,,0
0x697C4C,,fMsgBoxTransp,fMsgBoxTransp,,,1,,,0
0x697FD4,,CTimeModelInfo_VTable,CTimeModelInfo_VTable,,,1,,,0
0x698004,,CSimpleModelInfo_VTable,CSimpleModelInfo_VTable,,,1,,,0
0x698034,,CWeaponModelInfo_VTable,CWeaponModelInfo_VTable,,,1,,,0
0x698064,,CVehicleModelInfo_VTable,CVehicleModelInfo_VTable,,,1,,,0
0x698094,,CClumpModelInfo_VTable,CClumpModelInfo_VTable,,,1,,,0
0x6980C4,,CPedModelInfo_VTable,CPedModelInfo_VTable,,,1,,,0
0x699CB8,,dwDefaultVehicleColor,dwDefaultVehicleColor,,,1,,,0
0x699EC0,,Windyness,Windyness,float[1],,4,,,0
0x699EDC,,_ZN8CWeather11SoundHandleE,CWeather::SoundHandle,int,,4,,,0
0x699EE0,,_ZN8CWeather20StreamAfterRainTimerE,CWeather::StreamAfterRainTimer,,,1,,,0
0x699EE4,,WeatherTypesList,WeatherTypesList,__int64[1],,8,,,0
0x699F64,,WeatherTypesList_WithHurricanes,WeatherTypesList_WithHurricanes,__int64[1],,8,,,0
0x69A130,,bUseRelativeMatrix,bUseRelativeMatrix,,,1,,,0
0x69A140,,pExtraDirectionals,pExtraDirectionals,RpLight *[4],,16,,,0
0x69A1C8,,dwAtomicVisibilityExtOffset,dwAtomicVisibilityExtOffset,,,1,,,0
0x69A1CC,,dwFrameVisibilityExtOffset,dwFrameVisibilityExtOffset,,,1,,,0
0x69A1D0,,dwClumpVisibilityExtOffset,dwClumpVisibilityExtOffset,,,1,,,0
0x69A644,,fCarMomentum,fCarMomentum,float,,4,,,0
0x69A890,,fCarWorldBorderLeft,fCarWorldBorderLeft,,,1,,,0
0x69A894,,fCarWorldBorderTop,fCarWorldBorderTop,,,1,,,0
0x69A898,,fCarWorldBorderRight,fCarWorldBorderRight,,,1,,,0
0x69A89C,,fCarWorldBorderBottom,fCarWorldBorderBottom,,,1,,,0
0x69AD90,,CAutomobile_VTable,CAutomobile_VTable,,,1,,,0
0x69B0B4,,CBoat_VTable,CBoat_VTable,,,1,,,0
0x69B348,,fDoorAnimSpeed,fDoorAnimSpeed,,,1,,,0
0x69BF1C,,?CDAPFN0506_StartCatalinaFlyBy@@3UCDAPFN_PROPERTIES@@A,CDAPFN_PROPERTIES CDAPFN0506_StartCatalinaFlyBy,,,1,,,0
0x69BFA0,,?CDAPFN0506_CDAPFN0506_X_StartCatalinaFlyBy@@3UCDAPFN_PROPERTIES@@A,CDAPFN_PROPERTIES CDAPFN0506_CDAPFN0506_X_StartCatalinaFlyBy,,,1,,,0
0x69C064,,fPolChopWorldBorderLeft,fPolChopWorldBorderLeft,,,1,,,0
0x69C068,,fPolChopWorldBorderTop,fPolChopWorldBorderTop,,,1,,,0
0x69C06C,,fPolChopWorldBorderRight,fPolChopWorldBorderRight,,,1,,,0
0x69C070,,fPolChopWorldBorderBottom,fPolChopWorldBorderBottom,,,1,,,0
0x69C21C,,CHeli_VTable,CHeli_VTable,,,1,,,0
0x69C3F8,,CPlane_VTable,CPlane_VTable,,,1,,,0
0x69C508,,CTrain_VTable,CTrain_VTable,,,1,,,0
0x69C9F4,,CVehicle_VTable,CVehicle_VTable,,,1,,,0
0x69CA98,,?CDAPFN0506_WaterLevelInitialise@@3UCDAPFN_PROPERTIES@@A,CDAPFN_PROPERTIES CDAPFN0506_WaterLevelInitialise,,,1,,,0
0x69CA9C,,dwWaterLevelInitLoop,dwWaterLevelInitLoop,,,1,,,0
0x69CAA4,,pfnWaterLevelInit,pfnWaterLevelInit,int (*)(void),,4,,,0
0x69CB1C,,?CDAPFN0506_CDAPFN0506_X_WaterLevelInitialise@@3UCDAPFN_PROPERTIES@@A,CDAPFN_PROPERTIES CDAPFN0506_CDAPFN0506_X_WaterLevelInitialise,,,1,,,0
0x69CBA0,,rgbWaterClear,rgbWaterClear,,,1,,,0
0x69CBA4,,rgbWaterSandy,rgbWaterSandy,,,1,,,0
0x69D498,,fWeapon180,fWeapon180,,,1,,,0
0x69D49C,,fWeaponOneDivPI,fWeaponOneDivPI,,,1,,,0
0x69D4A0,,fWeaponPIDiv180,fWeaponPIDiv180,,,1,,,0
0x69D99C,,lpWeaponList,lpWeaponList,,,1,,,0
0x69DA30,,dwMaxAmmos,dwMaxAmmos,int[1],,4,,,0
0x6A542C,,gDefaultEaxParameters,gDefaultEaxParameters,EAXLISTENERPROPERTIES,,112,,,0
0x6C5F05,,aAudioBust_02_wav_0,aAudioBust_02_wav_0,,,1,,,0
0x6D59FC,,dwIsCameraNotBeingUpdated,dwIsCameraNotBeingUpdated,,,1,,,0
0x6D5A14,,lpClassName,lpClassName,LPCSTR,,4,,,0
0x6D5E54,,szNullStringDir,szNullStringDir,char[4],,4,,,0
0x6D5E58,,fMultiplyResByHalf,fMultiplyResByHalf,,,1,,,0
0x6D7B34,,CBike_VTable,CBike_VTable,,,1,,,0
0x6D8B70,,gMenuPages,gMenuPages,tMenuPage[35],,7910,,,0
0x6DB694,,fovValue,fovValue,float,,4,,,0
0x6DB828,,dwRealShadowCamClearColor,dwRealShadowCamClearColor,,,1,,,0
0x6DB8E8,,gb_UseD3DResourceBuffering,gb_UseD3DResourceBuffering,,,1,,,0
0x6DBAF0,,CStingerSegment_VTable,CStingerSegment_VTable,,,1,,,0
0x6DBCA4,,dwCivilianFxFrequency,dwCivilianFxFrequency,,,1,,,0
0x6DBE10,,CPedIceCreamVanAttractor_VTable,CPedIceCreamVanAttractor_VTable,,,1,,,0
0x6DBE38,,CPedShelterAttractor_VTable,CPedShelterAttractor_VTable,,,1,,,0
0x6DBE60,,CPedPizzaAttractor_VTable,CPedPizzaAttractor_VTable,,,1,,,0
0x6DBE88,,CPedStopAttractor_VTable,CPedStopAttractor_VTable,,,1,,,0
0x6DBEB0,,CPedSeatAttractor_VTable,CPedSeatAttractor_VTable,,,1,,,0
0x6DBED8,,CPedAtmAttractor_VTable,CPedAtmAttractor_VTable,,,1,,,0
0x6DBF00,,CPedAttractor_VTable,CPedAttractor_VTable,,,1,,,0
0x6DCB28,,_rwRasterConvTable,_rwRasterConvTable,int[1],,4,,,0
0x6DCDF8,,szCharset1,szCharset1,,,1,,,0
0x6DCEF8,,szCharset2,szCharset2,,,1,,,0
0x6DD090,,atomicTKList,atomicTKList,,,1,,,0
0x6DD0A8,,clumpTKList,clumpTKList,,,1,,,0
0x6DD0C0,,_rpAtomicFreeListBlockSize,_rpAtomicFreeListBlockSize,,,1,,,0
0x6DD0C4,,_rpAtomicFreeListPreallocBlocks,_rpAtomicFreeListPreallocBlocks,,,1,,,0
0x6DD0C8,,_rpClumpFreeListBlockSize,_rpClumpFreeListBlockSize,,,1,,,0
0x6DD0CC,,_rpClumpFreeListPreallocBlocks,_rpClumpFreeListPreallocBlocks,,,1,,,0
0x6DD4E0,,engineTKList,engineTKList,,,1,,,0
0x6DD614,,_rwMatrixFreeListBlockSize,_rwMatrixFreeListBlockSize,,,1,,,0
0x6DD618,,_rwMatrixFreeListPreallocBlocks,_rwMatrixFreeListPreallocBlocks,,,1,,,0
0x6DD638,,frameTKList,frameTKList,,,1,,,0
0x6DDAEC,,cameraTKList,cameraTKList,,,1,,,0
0x6DDB04,,_rwCameraFreeListBlockSize,_rwCameraFreeListBlockSize,,,1,,,0
0x6DDB08,,_rwCameraFreeListPreallocBlocks,_rwCameraFreeListPreallocBlocks,,,1,,,0
0x6DDB50,,geometryTKList,geometryTKList,,,1,,,0
0x6DDB68,,_rtAnimAnimationFreeListBlockSize,_rtAnimAnimationFreeListBlockSize,,,1,,,0
0x6DDB6C,,_rtAnimAnimationFreeListPreallocBlocks,_rtAnimAnimationFreeListPreallocBlocks,,,1,,,0
0x6DDB70,,textureTKList,textureTKList,,,1,,,0
0x6DDB88,,texDictTKList,texDictTKList,,,1,,,0
0x6DDBA0,,_rwTextureFreeListBlockSize,_rwTextureFreeListBlockSize,,,1,,,0
0x6DDBA4,,_rwTextureFreeListPreallocBlocks,_rwTextureFreeListPreallocBlocks,,,1,,,0
0x6DDBA8,,_rwTexDictionaryFreeListBlockSize,_rwTexDictionaryFreeListBlockSize,,,1,,,0
0x6DDBAC,,_rwTexDictionaryFreeListPreallocBlocks,_rwTexDictionaryFreeListPreallocBlocks,,,1,,,0
0x6DDC38,,imageTKList,imageTKList,,,1,,,0
0x6DDC50,,_rwImageFreeListBlockSize,_rwImageFreeListBlockSize,,,1,,,0
0x6DDC54,,_rwImageFreeListPreallocBlocks,_rwImageFreeListPreallocBlocks,,,1,,,0
0x6DDC5C,,_rwImageFormatFreeListPreallocBlocks,_rwImageFormatFreeListPreallocBlocks,,,1,,,0
0x6DDC78,,_rpTieFreeListBlockSize,_rpTieFreeListBlockSize,,,1,,,0
0x6DDC7C,,_rpTieFreeListPreallocBlocks,_rpTieFreeListPreallocBlocks,,,1,,,0
0x6DDC80,,_rpLightTieFreeListBlockSize,_rpLightTieFreeListBlockSize,,,1,,,0
0x6DDC84,,_rpLightTieFreeListPreallocBlocks,_rpLightTieFreeListPreallocBlocks,,,1,,,0
0x6DDC88,,worldTKList,worldTKList,,,1,,,0
0x6DDCA0,,rasterTKList,rasterTKList,,,1,,,0
0x6DDCB8,,_rwRasterFreeListBlockSize,_rwRasterFreeListBlockSize,,,1,,,0
0x6DDCBC,,_rwRasterFreeListPreallocBlocks,_rwRasterFreeListPreallocBlocks,,,1,,,0
0x6DDCC0,,materialTKList,materialTKList,,,1,,,0
0x6DDCD8,,defaultSurfaceProperties,defaultSurfaceProperties,,,1,,,0
0x6DDCE4,,_rpMaterialFreeListBlockSize,_rpMaterialFreeListBlockSize,,,1,,,0
0x6DDCE8,,_rpMaterialFreeListPreallocBlocks,_rpMaterialFreeListPreallocBlocks,,,1,,,0
0x6DDD58,,__RwD3D8FilterModeConvTable,__RwD3D8FilterModeConvTable,_rwFilterParams[7],,84,,,0
0x6DDE08,,AmbientSaturated,AmbientSaturated,,,1,,,0
0x6DDE18,,_RwD3DAdapterType,_RwD3DAdapterType,,,1,,,0
0x6DDE1C,,MaxMultisamplingLevels,MaxMultisamplingLevels,,,1,,,0
0x6DDE20,,SelectedMultisamplingLevels,SelectedMultisamplingLevels,,,1,,,0
0x6DDE24,,FullScreenRefreshRateInHz,FullScreenRefreshRateInHz,,,1,,,0
0x6DDE28,,LastVertexShaderUsed,LastVertexShaderUsed,,,1,,,0
0x6DDE2C,,LastPixelShaderUsed,LastPixelShaderUsed,,,1,,,0
0x6DDE30,,LastVertexBufferUsed,LastVertexBufferUsed,,,1,,,0
0x6DDE34,,LastIndexBufferUsed,LastIndexBufferUsed,,,1,,,0
0x6DDE38,,LastBaseIndex,LastBaseIndex,,,1,,,0
0x6DDE3C,,rwD3D8DriverDevice,rwD3D8DriverDevice,,,1,,,0
0x6DDE78,,SetTransformWorld_d3dmatrix,SetTransformWorld_d3dmatrix,,,1,,,0
0x6DDF0C,,lightTKList,lightTKList,,,1,,,0
0x6DDF24,,_rpLightFreeListBlockSize,_rpLightFreeListBlockSize,,,1,,,0
0x6DDF28,,_rpLightFreeListPreallocBlocks,_rpLightFreeListPreallocBlocks,,,1,,,0
0x6DE680,,FreeListsEnabled,FreeListsEnabled,,,1,,,0
0x6DE9C8,,_rxHeapInitialSize,_rxHeapInitialSize,,,1,,,0
0x6DE9CC,,_rxPipelineMaxNodes,_rxPipelineMaxNodes,,,1,,,0
0x6DE9D0,,_rxPipesFreeListBlockSize,_rxPipesFreeListBlockSize,,,1,,,0
0x6DE9D4,,_rxPipesFreeListPreallocBlocks,_rxPipesFreeListPreallocBlocks,,,1,,,0
0x6DE9D8,,_rwPluginRegFreeListBlockSize,_rwPluginRegFreeListBlockSize,,,1,,,0
0x6DE9DC,,_rwPluginRegListPreallocBlocks,_rwPluginRegListPreallocBlocks,,,1,,,0
0x6DE9E0,,dwTlsIndex,dwTlsIndex,DWORD,,4,,,0
0x6DF3CC,,sectorTKList,sectorTKList,,,1,,,0
0x6DF3E8,,dwBumpMapPShaderPixelShader,dwBumpMapPShaderPixelShader,,,1,,,0
0x6DF448,,dwEnvMapPShaderPixelShader,dwEnvMapPShaderPixelShader,,,1,,,0
0x6DF498,,dwEnvMapNoBaseTexturePShaderPixelShader,dwEnvMapNoBaseTexturePShaderPixelShader,,,1,,,0
0x6DF4D8,,dwBumpEnvMapPShaderPixelShader,dwBumpEnvMapPShaderPixelShader,,,1,,,0
0x6DF560,,dwBumpModulatedEnvMapPShaderPixelShader,dwBumpModulatedEnvMapPShaderPixelShader,,,1,,,0
0x6DF610,,dwBumpModulatedEnvMapNoAlphaPShaderPixelShader,dwBumpModulatedEnvMapNoAlphaPShaderPixelShader,,,1,,,0
0x6DF6B0,,NeedToValidateModulate2X,NeedToValidateModulate2X,,,1,,,0
0x6DF6B4,,NeedToValidateDiffuseInStage0,NeedToValidateDiffuseInStage0,,,1,,,0
0x6DF6F0,,nodeImmInstanceCSL,nodeImmInstanceCSL,,,1,,,0
0x6DF750,,nodeD3D8SubmitNoLight,nodeD3D8SubmitNoLight,,,1,,,0
0x6DF9A8,,nodeD3D8AtomicAllInOneCSL,nodeD3D8AtomicAllInOneCSL,,,1,,,0
0x6DF9F0,,TlsIndex,TlsIndex,,,1,,,0
0x6DF9F4,,TlsCallbacks,TlsCallbacks,,,1,,,0
0x6F7000,,pAnimClumpToUpdate,pAnimClumpToUpdate,CAnimBlendClumpData *,,4,,,0
0x6F7180,,pFindAnimBlendFrameResult,pFindAnimBlendFrameResult,,,1,,,0
0x6F76C8,,dwCurrFileId,dwCurrFileId,,,1,,,0
0x6F76CC,,nNumChannels,nNumChannels,,,1,,,0
0x6F76D0,,hObject,hObject,HANDLE[8],,32,,,0
0x6F76F0,,hThread,hThread,HANDLE,,4,,,0
0x6F76F4,,hHandle,hHandle,HANDLE,,4,,,0
0x6F76F8,,ThreadId,ThreadId,DWORD,,4,,,0
0x6F7700,,hMem,hMem,HLOCAL,,4,,,0
0x6F7720,,nModelIdIslandMain,nModelIdIslandMain,,,1,,,0
0x6F7724,,nModelIdIslandBeach,nModelIdIslandBeach,signed int,,4,,,0
0x6F7728,,pInstanceIslandMain,pInstanceIslandMain,CEntity *,,4,,,0
0x6F772C,,pInstanceIslandBeach,pInstanceIslandBeach,CEntity *,,4,,,0
0x6F7734,,Dest,Dest,char[32],,32,,,0
0x6F7754,,nActiveChannel,nActiveChannel,,,1,,,0
0x6F7759,,bIsLoadingModels,bIsLoadingModels,,,1,,,0
0x6F775A,,bReqHasBeenInitialized,bReqHasBeenInitialized,,,1,,,0
0x7030F4,,stPhoneData,stPhoneData,,,1,,,0
0x703650,,stAccidentManagerDListElem,stAccidentManagerDListElem,,,1,,,0
0x7038C9,,byteCameraMyst,byteCameraMyst,,,1,,,0
0x7038CA,,byteCameraInitMyst,byteCameraInitMyst,,,1,,,0
0x703928,,pSaveModelInfo,pSaveModelInfo,CBaseModelInfo *,,4,,,0
0x703B1C,,nRwIm3dTransformCount,nRwIm3dTransformCount,,,1,,,0
0x703B20,,bRwIm3dTransformCountInit,bRwIm3dTransformCountInit,,,1,,,0
0x704858,,CLinkList_CEntityInfo,CLinkList_CEntityInfo,,,1,,,0
0x7052F8,CTimer,suspendPcTimer,suspendPcTimer,int,,4,,,0
0x705300,,liFrameStartCounter,liFrameStartCounter,LARGE_INTEGER,,8,,,0
0x705308,,PerformanceCount,PerformanceCount,LARGE_INTEGER,,8,,,0
0x705310,CTimer,_ZL12suspendDepth,suspendDepth,int,,4,,,0
0x705358,,stColModel,stColModel,CColModel,,76,,,0
0x709EA0,,stSimpleModelInfoDListElem,stSimpleModelInfoDListElem,,,1,,,0
0x709EAC,,dwLoadedSimpleModels,dwLoadedSimpleModels,int[1],,4,,,0
0x709EB0,,stSimpleModelInfo,stSimpleModelInfo,,,1,,,0
0x74A6A4,,stTimeModelStoreDListElem,stTimeModelStoreDListElem,,,1,,,0
0x74A6B0,,dwLoadedTimeModels,dwLoadedTimeModels,int[1],,4,,,0
0x74A6B4,,stTimeModelInfo,stTimeModelInfo,,,1,,,0
0x751F04,,stWeaponModelStoreDListElem,stWeaponModelStoreDListElem,,,1,,,0
0x751F10,,dwLoadedWeaponModels,dwLoadedWeaponModels,int[1],,4,,,0
0x751F14,,stWeaponModelInfo,stWeaponModelInfo,,,1,,,0
0x75297C,,stClumpModelStoreDListElem,stClumpModelStoreDListElem,,,1,,,0
0x752988,,dwLoadedClumpModels,dwLoadedClumpModels,int[1],,4,,,0
0x75298C,,stClumpModelInfo,stClumpModelInfo,,,1,,,0
0x752A7C,,stVehicleModelStoreDListElem,stVehicleModelStoreDListElem,,,1,,,0
0x752A88,,dwLoadedVehicleModels,dwLoadedVehicleModels,int[1],,4,,,0
0x752A8C,,stVehicleModelInfo,stVehicleModelInfo,,,1,,,0
0x75CA64,,stPedModelStoreDListElem,stPedModelStoreDListElem,,,1,,,0
0x75CA70,,dwLoadedPedModels,dwLoadedPedModels,int[1],,4,,,0
0x75CA74,,stPedModelInfo,stPedModelInfo,,,1,,,0
0x75EF04,,st2deffectsModelStoreDListElem,st2deffectsModelStoreDListElem,,,1,,,0
0x75EF10,,dwLoaded2deffects,dwLoaded2deffects,,,1,,,0
0x75EF14,,st2deffectsModelInfo,st2deffectsModelInfo,,,1,,,0
0x76E540,,stParticleData,stParticleData,,,1,,,0
0x77EF70,,dwHighestPrimaryMaterialCount,dwHighestPrimaryMaterialCount,,,1,,,0
0x77EF74,,dwHighestSecondaryMaterialCount,dwHighestSecondaryMaterialCount,,,1,,,0
0x77FA58,,pWaterTexClear,pWaterTexClear,,,1,,,0
0x77FA5C,,pWaterTexReflection,pWaterTexReflection,,,1,,,0
0x77FA60,,pWaterTexSandy,pWaterTexSandy,,,1,,,0
0x77FA64,,pWaterTexWake,pWaterTexWake,,,1,,,0
0x77FA68,,pWaterEffectsFrame,pWaterEffectsFrame,,,1,,,0
0x77FB58,,stBulletInfo,stBulletInfo,,,1,,,0
0x780C88,,stExplosionInfo,stExplosionInfo,int[1],,4,,,0
0x781710,,stShotInfo,stShotInfo,,,1,,,0
0x7829D4,,fFireTurnedLast,fFireTurnedLast,,,1,,,0
0x7829D8,,byteFireTurnedInit,byteFireTurnedInit,,,1,,,0
0x7829D9,,byteFireAutomaticCount,byteFireAutomaticCount,,,1,,,0
0x7829DA,,byteFireAutomaticInit,byteFireAutomaticInit,,,1,,,0
0x782A14,,wb_dwWeaponType,wb_dwWeaponType,int[1],,4,,,0
0x782A18,,wb_fRange,wb_fRange,int[1],,4,,,0
0x782A1C,,wb_dwFireRate,wb_dwFireRate,int[1],,4,,,0
0x782A20,,wb_dwReload,wb_dwReload,int[1],,4,,,0
0x782A24,,wb_dwAmmuAmount,wb_dwAmmuAmount,int[1],,4,,,0
0x782A28,,wb_dwDamage,wb_dwDamage,int[1],,4,,,0
0x782A2C,,wb_fSpeed,wb_fSpeed,int[1],,4,,,0
0x782A30,,wb_fRadius,wb_fRadius,int[1],,4,,,0
0x782A34,,wb_fLifeSpan,wb_fLifeSpan,int[1],,4,,,0
0x782A38,,wb_fSpread,wb_fSpread,int[1],,4,,,0
0x782A3C,,wb_fFireOffsetX,wb_fFireOffsetX,int[1],,4,,,0
0x782A40,,wb_fFireOffsetY,wb_fFireOffsetY,int[1],,4,,,0
0x782A44,,wb_fFireOffsetZ,wb_fFireOffsetZ,int[1],,4,,,0
0x782A48,,wb_pAnimation,wb_pAnimation,int[1],,4,,,0
0x782A4C,,wb_fAnimLoopStart,wb_fAnimLoopStart,int[1],,4,,,0
0x782A50,,wb_fAnimLoopEnd,wb_fAnimLoopEnd,int[1],,4,,,0
0x782A54,,wb_fAnimFrameFire,wb_fAnimFrameFire,int[1],,4,,,0
0x782A58,,wb_fAnim2LoopStart,wb_fAnim2LoopStart,int[1],,4,,,0
0x782A5C,,wb_fAnim2LoopEnd,wb_fAnim2LoopEnd,int[1],,4,,,0
0x782A60,,wb_fAnim2FrameFire,wb_fAnim2FrameFire,int[1],,4,,,0
0x782A64,,wb_fAnimBreakout,wb_fAnimBreakout,int[1],,4,,,0
0x782A68,,wb_dwModelId,wb_dwModelId,int[1],,4,,,0
0x782A6C,,wb_dwModel2Id,wb_dwModel2Id,int[1],,4,,,0
0x782A70,,wb_dwWeaponFlags,wb_dwWeaponFlags,int[1],,4,,,0
0x782A74,,wb_dwWeaponSlot,wb_dwWeaponSlot,,,1,,,0
0x7838D1,,bCurrGear,bCurrGear,,,1,,,0
0x783904,,uUniqueIdCounter,uUniqueIdCounter,,,1,,,0
0x783EE8,,gdwAdapter,gdwAdapter,,,1,,,0
0x783EF8,,Data,Data,BYTE,,1,,,0
0x784004,,dwMainVar,dwMainVar,,,1,,,0
0x784008,,bMainVarInit,bMainVarInit,,,1,,,0
0x7869C8,,gD3DTextureBufferArray,gD3DTextureBufferArray,gtaD3DTexture[1],,28,,,0
0x786BA4,,gNumActiveTexturePools,gNumActiveTexturePools,,,1,,,0
0x786BA8,,gD3DIndexBufferArray,gD3DIndexBufferArray,gtaD3DIndexBuffer[16],,384,,,0
0x786D68,,dwNumSpikes,dwNumSpikes,,,1,,,0
0x786D71,,bColStoreUseSecondSite,bColStoreUseSecondSite,,,1,,,0
0x786D74,,fSecondSiteX,fSecondSiteX,,,1,,,0
0x786D78,,fSecondSiteY,fSecondSiteY,,,1,,,0
0x786D80,,pSeatList,pSeatList,,,1,,,0
0x786D84,,bSeatListInited,bSeatListInited,,,1,,,0
0x786E3C,,NumVideoMemoryRasters,NumVideoMemoryRasters,,,1,,,0
0x786E40,,MaxPaletteIndexFree,MaxPaletteIndexFree,,,1,,,0
0x786E44,,NumPaletteIndexFree,NumPaletteIndexFree,,,1,,,0
0x786E48,,PaletteIndexFree,PaletteIndexFree,,,1,,,0
0x786E4C,,PaletteFreeList,PaletteFreeList,,,1,,,0
0x786E54,,VideoMemoryRastersFreeList,VideoMemoryRastersFreeList,,,1,,,0
0x786E5C,,lastSeenExtraData,lastSeenExtraData,,,1,,,0
0x786E60,,_rpAtomicFreeList,_rpAtomicFreeList,,,1,,,0
0x786E84,,lastSeenRightsPluginId,lastSeenRightsPluginId,,,1,,,0
0x786E88,,clumpModule,clumpModule,,,1,,,0
0x786E90,,_rpClumpFreeList,_rpClumpFreeList,,,1,,,0
0x786EB4,,_rpClumpCameraExtOffset,_rpClumpCameraExtOffset,,,1,,,0
0x786EB8,,_rpClumpLightExtOffset,_rpClumpLightExtOffset,,,1,,,0
0x786F68,,staticGlobals,staticGlobals,,,1,,,0
0x7870BC,,engineInstancesOpened,engineInstancesOpened,,,1,,,0
0x7870C0,,RwEngineInstance,RwEngineInstance,_DWORD,,4,,,0
0x7870C4,,_rwMatrixFreeList,_rwMatrixFreeList,,,1,,,0
0x7870E8,,matrixModule,matrixModule,,,1,,,0
0x7870F0,,frameModule,frameModule,,,1,,,0
0x787470,,vectorModule,vectorModule,,,1,,,0
0x78749C,,_rwCameraFreeList,_rwCameraFreeList,,,1,,,0
0x7874C0,,cameraModule,cameraModule,,,1,,,0
0x787518,,RtAnimInterpolatorInfoBlockNumEntries,RtAnimInterpolatorInfoBlockNumEntries,,,1,,,0
0x78751C,,_rwTexDictionaryFreeList,_rwTexDictionaryFreeList,,,1,,,0
0x787540,,textureModule,textureModule,,,1,,,0
0x787548,,_rwTextureFreeList,_rwTextureFreeList,,,1,,,0
0x787574,,_rwImageFormatFreeList,_rwImageFormatFreeList,,,1,,,0
0x787598,,imageModule,imageModule,,,1,,,0
0x7875A0,,_rwImageFreeList,_rwImageFreeList,,,1,,,0
0x7875C4,,_rpLightTieFreeList,_rpLightTieFreeList,,,1,,,0
0x7875E8,,_rpTieFreeList,_rpTieFreeList,,,1,,,0
0x78760C,,worldObjModule,worldObjModule,,,1,,,0
0x787614,,dwWorldObjCameraExtOffset,dwWorldObjCameraExtOffset,,,1,,,0
0x787618,,dwWorldObjAtomicExtOffset,dwWorldObjAtomicExtOffset,,,1,,,0
0x78761C,,dwWorldObjClumpExtOffset,dwWorldObjClumpExtOffset,,,1,,,0
0x787620,,lightExtOffset,lightExtOffset,,,1,,,0
0x787624,,_rpWorldListFreeList,_rpWorldListFreeList,,,1,,,0
0x787648,,worldModule,worldModule,,,1,,,0
0x787650,,_rwRasterFreeList,_rwRasterFreeList,,,1,,,0
0x787674,,rasterModule,rasterModule,,,1,,,0
0x78767C,,_rpMaterialFreeList,_rpMaterialFreeList,,,1,,,0
0x7876A0,,materialModule,materialModule,,,1,,,0
0x7876CC,,MatFXMaterialDataOffset,MatFXMaterialDataOffset,,,1,,,0
0x7876DC,,MatFXAtomicDataOffset,MatFXAtomicDataOffset,,,1,,,0
0x7876E0,,MatFXWorldSectorDataOffset,MatFXWorldSectorDataOffset,,,1,,,0
0x7876EC,,anisotTextureOffset,anisotTextureOffset,,,1,,,0
0x7876F0,,_rwD3D8SetTextureAnisotropyOffset,_rwD3D8SetTextureAnisotropyOffset,,,1,,,0
0x7876F8,,TextureStageStateCache,TextureStageStateCache,RxStateCache[8][32],,2048,,,0
0x787EF8,,__RwD3D8StateCache,__RwD3D8StateCache,_rwD3D8StateCache,,272,,,0
0x788008,,RenderStateChanges,RenderStateChanges,int[180],,720,,,0
0x7882D8,,RenderStateD3D,RenderStateD3D,,,1,,,0
0x788B48,,TextureStageStateD3D,TextureStageStateD3D,,,1,,,0
0x788F48,,TextureStageStateChanges,TextureStageStateChanges,RxTextureStageChangeType[256],,2048,,,0
0x789748,,NumRenderStateChanges,NumRenderStateChanges,,,1,,,0
0x78974C,,NumTextureStageStateChanges,NumTextureStageStateChanges,,,1,,,0
0x789750,,_rwIm3DGlobals,_rwIm3DGlobals,,,1,,,0
0x789758,,_RwD3D8CurrentModeIndex,_RwD3D8CurrentModeIndex,,,1,,,0
0x789760,,LastMaterial,LastMaterial,,,1,,,0
0x7897A4,,hWnd,hWnd,HWND,,4,,,0
0x7897A8,,_RwD3DDevice,_RwD3DDevice,IDirect3DDevice8 **,,4,,,0
0x7897AC,,_RwD3D8DepthStencilSurface,_RwD3D8DepthStencilSurface,,,1,,,0
0x7897B0,,_RwD3D8RenderSurface,_RwD3D8RenderSurface,,,1,,,0
0x7897B4,,_RwDirect3DObject,_RwDirect3DObject,,,1,,,0
0x7897B8,,NeedToCopyFromBackBuffer,NeedToCopyFromBackBuffer,,,1,,,0
0x7897BC,,SystemStarted,SystemStarted,,,1,,,0
0x7897C4,,NumDisplayModes,NumDisplayModes,,,1,,,0
0x7897C8,,_RwD3DAdapterIndex,_RwD3DAdapterIndex,,,1,,,0
0x7897CC,,StencilClearValue,StencilClearValue,,,1,,,0
0x7897D0,,DisplayModes,DisplayModes,,,1,,,0
0x7897D4,,InsideScene,InsideScene,,,1,,,0
0x7897D8,,LastVertexBufferStride,LastVertexBufferStride,,,1,,,0
0x7897DC,,LastWorldMatrixUsedIdentity,LastWorldMatrixUsedIdentity,,,1,,,0
0x7897E0,,LastMatrixUsed,LastMatrixUsed,int[1],,4,,,0
0x789BF0,,MatrixFreeList,MatrixFreeList,,,1,,,0
0x789BF4,,MaxNumLights,MaxNumLights,,,1,,,0
0x789BF8,,LightsCache,LightsCache,,,1,,,0
0x789BFC,,DynamicVertexBufferList,DynamicVertexBufferList,,,1,,,0
0x789C00,,DynamicVertexBufferFreeList,DynamicVertexBufferFreeList,,,1,,,0
0x789C04,,CurrentDynamicVertexBufferManager,CurrentDynamicVertexBufferManager,,,1,,,0
0x789C08,,OffSetDynamicVertexBufferManager,OffSetDynamicVertexBufferManager,int[1],,4,,,0
0x789C18,,SizeDynamicVertexBufferManager,SizeDynamicVertexBufferManager,int[1],,4,,,0
0x789C28,,DynamicVertexBufferManager,DynamicVertexBufferManager,int[1],,4,,,0
0x789C38,,VertexShaderList,VertexShaderList,,,1,,,0
0x789C3C,,VertexShaderFreeList,VertexShaderFreeList,,,1,,,0
0x789C40,,PixelShaderList,PixelShaderList,,,1,,,0
0x789C44,,PixelShaderFreeList,PixelShaderFreeList,,,1,,,0
0x789C48,,_rwD3D8CPUSupportsMMX,_rwD3D8CPUSupportsMMX,,,1,,,0
0x789C4C,,_rwD3D8CPUSupportsSSE,_rwD3D8CPUSupportsSSE,,,1,,,0
0x789C50,,_rwD3D8CPUSupportsSSE2,_rwD3D8CPUSupportsSSE2,,,1,,,0
0x789C54,,_rwD3D8CPUSupports3DNow,_rwD3D8CPUSupports3DNow,,,1,,,0
0x789C58,,_rpLightFreeList,_rpLightFreeList,,,1,,,0
0x789C7C,,lightModule,lightModule,,,1,,,0
0x789FC8,,_freeListList,_freeListList,,,1,,,0
0x789FF4,,_freeListModuleOpen,_freeListModuleOpen,,,1,,,0
0x789FF8,,_masterFreeListPtr,_masterFreeListPtr,,,1,,,0
0x789FFC,,UseOwnVertexBuffer,UseOwnVertexBuffer,,,1,,,0
0x78A000,,CurrentBaseIndex,CurrentBaseIndex,,,1,,,0
0x78A004,,CurrentVertexBuffer,CurrentVertexBuffer,,,1,,,0
0x78A008,,IB2DOffset,IB2DOffset,,,1,,,0
0x78A00C,,IndexBuffer2D,IndexBuffer2D,,,1,,,0
0x78A010,,FvfList,FvfList,,,1,,,0
0x78A014,,FvfFreeList,FvfFreeList,,,1,,,0
0x78A018,,FreeVBFreeList,FreeVBFreeList,,,1,,,0
0x78A01C,,CreatedVBFreeList,CreatedVBFreeList,,,1,,,0
0x78A02C,,_rxPipesFreeList,_rxPipesFreeList,,,1,,,0
0x78A050,,RxPipelineInstanced,RxPipelineInstanced,,,1,,,0
0x78A054,,_rxHeapGlobal,_rxHeapGlobal,,,1,,,0
0x78A058,,toolkitRegEntriesSpace,toolkitRegEntriesSpace,,,1,,,0
0x78A07C,,toolkitRegEntries,toolkitRegEntries,,,1,,,0
0x78A084,,numRegToolkits,numRegToolkits,,,1,,,0
0x78A088,,errorModule,errorModule,,,1,,,0
0x78A0B0,,dwEngineSkinPluginOffset,dwEngineSkinPluginOffset,,,1,,,0
0x78A0B4,,dwAtomicSkinPluginOffset,dwAtomicSkinPluginOffset,,,1,,,0
0x78A0B8,,dwGeometrySkinPluginOffset,dwGeometrySkinPluginOffset,,,1,,,0
0x78A0D4,,pSkinPipeline,pSkinPipeline,,,1,,,0
0x78A0F4,,MeshStatic,MeshStatic,,,1,,,0
0x78A640,,MatFXAtomicPipe,MatFXAtomicPipe,,,1,,,0
0x78A644,,MatFXWorldSectorPipe,MatFXWorldSectorPipe,,,1,,,0
0x78A648,,BumpMapPixelShader,BumpMapPixelShader,,,1,,,0
0x78A64C,,EnvMapPixelShader,EnvMapPixelShader,,,1,,,0
0x78A650,,EnvMapNoBaseTexturePixelShader,EnvMapNoBaseTexturePixelShader,,,1,,,0
0x78A654,,BumpEnvMapPixelShader,BumpEnvMapPixelShader,,,1,,,0
0x78A658,,BumpModulatedEnvMapPixelShader,BumpModulatedEnvMapPixelShader,,,1,,,0
0x78A65C,,BumpModulatedEnvMapNoAlphaPixelShader,BumpModulatedEnvMapNoAlphaPixelShader,,,1,,,0
0x78A660,,VideoCardSupportsMultitexture,VideoCardSupportsMultitexture,,,1,,,0
0x78A664,,VideoCardSupportsMultiplyAdd,VideoCardSupportsMultiplyAdd,,,1,,,0
0x78A668,,VideoCardSupportsModulate2X,VideoCardSupportsModulate2X,,,1,,,0
0x78A66C,,VideoCardSupportsDiffuseInStage0,VideoCardSupportsDiffuseInStage0,,,1,,,0
0x78A670,,VideoCardMaxTextureBlendStages,VideoCardMaxTextureBlendStages,,,1,,,0
0x78A674,,_rwD3D8ImmPool,_rwD3D8ImmPool,,,1,,,0
0x78A678,,CurrentBaseIndex3D,CurrentBaseIndex3D,,,1,,,0
0x78A67C,,CurrentVertexBuffer3D,CurrentVertexBuffer3D,,,1,,,0
0x78A680,,IB3DOffset,IB3DOffset,,,1,,,0
0x78A684,,IndexBuffer3D,IndexBuffer3D,,,1,,,0
0x78A6A8,,PointLight,PointLight,,,1,,,0
0x78A710,,DirectionalLight,DirectionalLight,,,1,,,0
0x78A778,,D3D8LightOffset,D3D8LightOffset,,,1,,,0
0x78A77C,,VideoCardMaxActiveLights,VideoCardMaxActiveLights,,,1,,,0
0x78A780,,NumLightIndexFree,NumLightIndexFree,,,1,,,0
0x78A784,,MaxLightIndexFree,MaxLightIndexFree,,,1,,,0
0x78A788,,MaxLightIndex,MaxLightIndex,,,1,,,0
0x78A78C,,LightIndexFree,LightIndexFree,,,1,,,0
0x78A790,,LightsToEnable,LightsToEnable,,,1,,,0
0x78A794,,NumLightsToEnable,NumLightsToEnable,,,1,,,0
0x78A798,,MaxLightsToEnable,MaxLightsToEnable,,,1,,,0
0x78A79C,,LightsToDisable,LightsToDisable,,,1,,,0
0x78A7A0,,NumLightsToDisable,NumLightsToDisable,,,1,,,0
0x78A7A4,,MaxLightsToDisable,MaxLightsToDisable,,,1,,,0
0x78A7A8,,gMemoryLimits,gMemoryLimits,,,1,,,0
0x78CD80,CPointLights,_ZN12CPointLights15aCachedMapReadsE,CPointLights::aCachedMapReads,CVector[32],,384,,,0
0x78D658,,cWaterLevel_ms_aWaterZs,cWaterLevel_ms_aWaterZs,float[48],,192,,,0
0x78D718,,CAudioManager,CAudioManager,,,1,,,0
0x792C70,,_ZN10CTimeCycle13m_VectorToSunE,CTimeCycle::m_VectorToSun,CVector[16],,192,,,0
0x792D30,,_ZN6CWorld11ms_aSectorsE,CWorld::ms_aSectors,CSector[6400],,256000,,,0
0x7D1DC0,,meshModule,meshModule,,,1,,,0
0x7D35D8,,RtAnimInterpolatorInfoBlock,RtAnimInterpolatorInfoBlock,int[1],,4,,,0
0x7D4040,,_ZN9CSprite2d10maVerticesE,CSprite2d::maVertices,RwD3D8Vertex,,28,,,0
0x7D4120,,modelId,modelId,signed int[1072],,4288,,,0
0x7D54F8,,_ZN9CRenderer21ms_aVisibleEntityPtrsE,CRenderer::ms_aVisibleEntityPtrs,CEntity *[2000],,8000,,,0
0x7D7438,,ScriptParams,ScriptParams,int[16],,64,,,0
0x7D7C38,,_ZN11CFileLoader7ms_lineE,CFileLoader::ms_line,char[256],,256,,,0
0x7D7D38,,pBlipColour,pBlipColour,,,1,,,0
0x7D7D44,,vecBlipPos.X,vecBlipPos_X,,,1,,,0
0x7D7D48,,vecBlipPos.Y,vecBlipPos_Y,,,1,,,0
0x7D7D5E,,byteBlipBrightness,byteBlipBrightness,char[1],,1,,,0
0x7D7D68,,wBlipScale,wBlipScale,,,1,,,0
0x7D7D6A,,wBlipDisplay,wBlipDisplay,,,1,,,0
0x7D7D6C,,wBlipSprite,wBlipSprite,__int16[1],,2,,,0
0x7D95D0,,CriticalSection,CriticalSection,struct _RTL_CRITICAL_SECTION,,24,,,0
0x7D9708,,CFallingGlassPlane,CFallingGlassPlane,,,1,,,0
0x7D9775,,cGlass_aGlassPanes,cGlass_aGlassPanes,char[4931],,4931,,,0
0x7DAAB8,,stEventList,stEventList,,,1,,,0
0x7DAAC0,,dwTargetPedId,dwTargetPedId,int[1],,4,,,0
0x7DB428,,stAnimBlocks,stAnimBlocks,int[1],,4,,,0
0x7DB888,,gaProjectileInfo,gaProjectileInfo,CProjectileInfo[32],,896,,,0
0x7DBCB0,,Pads,Pads,,,1,,,0
0x7DBED8,,offset,offset,__int64[1],,8,,,0
0x7DC0B8,CRubbish,gpRubbishTexture,gpRubbishTexture,int[4],,16,,,0
0x7DD708,,dgGGlobals,dgGGlobals,,,1,,,0
0x7DD860,,bCurMouseButtonLeft,bCurMouseButtonLeft,,,1,,,0
0x7DD861,,bCurMouseButtonRight,bCurMouseButtonRight,,,1,,,0
0x7DD862,,bCurMouseButtonMiddle,bCurMouseButtonMiddle,,,1,,,0
0x7DD863,,bCurMouseWheelUp,bCurMouseWheelUp,,,1,,,0
0x7DD864,,bCurMouseWheelDown,bCurMouseWheelDown,,,1,,,0
0x7DD865,,bCurMouseButton4,bCurMouseButton4,,,1,,,0
0x7DD866,,bCurMouseButton5,bCurMouseButton5,,,1,,,0
0x7DD868,,fCurMousePosX,fCurMousePosX,,,1,,,0
0x7DD86C,,fCurMousePosY,fCurMousePosY,,,1,,,0
0x7E4420,,_ZN6CGlass22apEntitiesToBeRenderedE,CGlass::apEntitiesToBeRendered,CEntity *[32],,128,,,0
0x7E4688,,CCamera,CCamera,float[1],,4,,,0
0x7E4698,,x,x,float,,4,,,0
0x7E469C,,y,y,float,,4,,,0
0x7E46B8,,vecCamPos,vecCamPos,CVector,,12,,,0
0x7E46D2,,bFollowPed,bFollowPed,,,1,,,0
0x7E46FE,,TheCamera_ptr,TheCamera_ptr,,,1,,,0
0x7E4778,,fCameraLodDist,fCameraLodDist,,,1,,,0
0x7E4810,,stCam1_bBelowMinDist,stCam1_bBelowMinDist,,,1,,,0
0x7E4811,,bBehindPlayerDesired,bBehindPlayerDesired,,,1,,,0
0x7E4812,,bCamLookingAtVector,bCamLookingAtVector,,,1,,,0
0x7E4813,,bCollisionChecksOn,bCollisionChecksOn,,,1,,,0
0x7E4814,,bFixingBeta,bFixingBeta,,,1,,,0
0x7E4815,,bTheHeightFixerVehicleIsATrain,bTheHeightFixerVehicleIsATrain,,,1,,,0
0x7E4816,,bLookBehindCamWasInFront,bLookBehindCamWasInFront,,,1,,,0
0x7E4817,,bLookingBehind,bLookingBehind,char[1],,1,,,0
0x7E4818,,bLookingLeft,bLookingLeft,char[1],,1,,,0
0x7E4819,,bLookingRight,bLookingRight,char[1],,1,,,0
0x7E481A,,bRotating,bRotating,,,1,,,0
0x7E481C,,nCameraMode,nCameraMode,__int16[1],,2,,,0
0x7E4820,,dwFinishTime,dwFinishTime,,,1,,,0
0x7E4824,,nDoCollisionChecksOnFrameNum,nDoCollisionChecksOnFrameNum,,,1,,,0
0x7E4828,,nDoCollisionCheckEveryNumOfFrames,nDoCollisionCheckEveryNumOfFrames,,,1,,,0
0x7E482C,,nFrameNumWereAt,nFrameNumWereAt,,,1,,,0
0x7E4830,,nRunningVectorArrayPos,nRunningVectorArrayPos,,,1,,,0
0x7E4834,,nRunningVectorCounter,nRunningVectorCounter,,,1,,,0
0x7E4838,,nDirectionWasLooking,nDirectionWasLooking,int[1],,4,,,0
0x7E483C,,fMaxRollAngle,fMaxRollAngle,,,1,,,0
0x7E4840,,fRoll,fRoll,,,1,,,0
0x7E4844,,fRollSpeed,fRollSpeed,,,1,,,0
0x7E4848,,fSyphonModeTargetZOffSet,fSyphonModeTargetZOffSet,,,1,,,0
0x7E484C,,fAmountFractionObscured,fAmountFractionObscured,,,1,,,0
0x7E4850,,fAlphaSpeedOverOneFrame,fAlphaSpeedOverOneFrame,,,1,,,0
0x7E4854,,fBetaSpeedOverOneFrame,fBetaSpeedOverOneFrame,,,1,,,0
0x7E4858,,fBufferedTargetBeta,fBufferedTargetBeta,,,1,,,0
0x7E485C,,fBufferedTargetOrientation,fBufferedTargetOrientation,,,1,,,0
0x7E4860,,fBufferedTargetOrientationSpeed,fBufferedTargetOrientationSpeed,,,1,,,0
0x7E4864,,fCamBufferedHeight,fCamBufferedHeight,,,1,,,0
0x7E4868,,fCamBufferedHeightSpeed,fCamBufferedHeightSpeed,,,1,,,0
0x7E486C,,fCloseInPedHeightOffset,fCloseInPedHeightOffset,,,1,,,0
0x7E4870,,fCloseInPedHeightOffsetSpeed,fCloseInPedHeightOffsetSpeed,,,1,,,0
0x7E4874,,fCloseInCarHeightOffset,fCloseInCarHeightOffset,,,1,,,0
0x7E4878,,fCloseInCarHeightOffsetSpeed,fCloseInCarHeightOffsetSpeed,,,1,,,0
0x7E487C,,fDimensionOfHighestNearCar,fDimensionOfHighestNearCar,,,1,,,0
0x7E4880,,fDistanceBeforeChanges,fDistanceBeforeChanges,,,1,,,0
0x7E4884,,fFovSpeedOverOneFrame,fFovSpeedOverOneFrame,,,1,,,0
0x7E4888,,fMinDistAwayFromCamWhenInterPolating,fMinDistAwayFromCamWhenInterPolating,,,1,,,0
0x7E488C,,fPedBetweenCameraHeightOffset,fPedBetweenCameraHeightOffset,,,1,,,0
0x7E4890,,fPlayerInFrontSyphonAngleOffset,fPlayerInFrontSyphonAngleOffset,,,1,,,0
0x7E4894,,fRadiusForDead,fRadiusForDead,,,1,,,0
0x7E4898,,fRealGroundDist,fRealGroundDist,,,1,,,0
0x7E489C,,fTargetBeta,fTargetBeta,,,1,,,0
0x7E48A0,,fTimeElapsedFloat,fTimeElapsedFloat,,,1,,,0
0x7E48A4,,fTilt,fTilt,,,1,,,0
0x7E48A8,,fTiltSpeed,fTiltSpeed,,,1,,,0
0x7E48AC,,fTransitionBeta,fTransitionBeta,,,1,,,0
0x7E48B0,,fTrueBeta,fTrueBeta,,,1,,,0
0x7E48B4,,fTrueAlpha,fTrueAlpha,,,1,,,0
0x7E48B8,,fInitialPlayerOrientation,fInitialPlayerOrientation,,,1,,,0
0x7E48BC,,fAlpha,fAlpha,float[1],,4,,,0
0x7E48C0,,fAlphaSpeed,fAlphaSpeed,,,1,,,0
0x7E48C4,,fFOV,fFOV,,,1,,,0
0x7E48C8,,fFOVSpeed,fFOVSpeed,,,1,,,0
0x7E48CC,,fBeta,fBeta,float[1],,4,,,0
0x7E48D0,,fBetaSpeed,fBetaSpeed,,,1,,,0
0x7E48D4,,fDistance,fDistance,,,1,,,0
0x7E48D8,,fDistanceSpeed,fDistanceSpeed,,,1,,,0
0x7E48DC,,fCaMinDistance,fCaMinDistance,,,1,,,0
0x7E48E0,,fCaMaxDistance,fCaMaxDistance,,,1,,,0
0x7E48E4,,fSpeedVar,fSpeedVar,,,1,,,0
0x7E48E8,,fTargetZoomGroundOne,fTargetZoomGroundOne,,,1,,,0
0x7E48EC,,fTargetZoomGroundTwo,fTargetZoomGroundTwo,,,1,,,0
0x7E48F0,,fTargetZoomGroundThree,fTargetZoomGroundThree,,,1,,,0
0x7E48F4,,fTargetZoomOneZExtra,fTargetZoomOneZExtra,,,1,,,0
0x7E48F8,,fTargetZoomTwoZExtra,fTargetZoomTwoZExtra,,,1,,,0
0x7E48FC,,fTargetZoomThreeZExtra,fTargetZoomThreeZExtra,,,1,,,0
0x7E4900,,fTargetZoomZCloseIn,fTargetZoomZCloseIn,,,1,,,0
0x7E4904,,fMinRealGroundDist,fMinRealGroundDist,,,1,,,0
0x7E4908,,fTargetCloseInDist,fTargetCloseInDist,,,1,,,0
0x7E490C,,vecSourceSpeedOverOneFrame_X,vecSourceSpeedOverOneFrame_X,,,1,,,0
0x7E4910,,vecSourceSpeedOverOneFrame_Y,vecSourceSpeedOverOneFrame_Y,,,1,,,0
0x7E4914,,vecSourceSpeedOverOneFrame_Z,vecSourceSpeedOverOneFrame_Z,,,1,,,0
0x7E4918,,vecTargetSpeedOverOneFrame_X,vecTargetSpeedOverOneFrame_X,,,1,,,0
0x7E491C,,vecTargetSpeedOverOneFrame_Y,vecTargetSpeedOverOneFrame_Y,,,1,,,0
0x7E4920,,vecTargetSpeedOverOneFrame_Z,vecTargetSpeedOverOneFrame_Z,,,1,,,0
0x7E4924,,vecUpOverOneFrame_X,vecUpOverOneFrame_X,,,1,,,0
0x7E4928,,vecUpOverOneFrame_Y,vecUpOverOneFrame_Y,,,1,,,0
0x7E492C,,vecUpOverOneFrame_Z,vecUpOverOneFrame_Z,,,1,,,0
0x7E4930,,vecTargetCoorsForFudgeInter_X,vecTargetCoorsForFudgeInter_X,,,1,,,0
0x7E4934,,vecTargetCoorsForFudgeInter_Y,vecTargetCoorsForFudgeInter_Y,,,1,,,0
0x7E4938,,vecTargetCoorsForFudgeInter_Z,vecTargetCoorsForFudgeInter_Z,,,1,,,0
0x7E493C,,vecCamFixedModeVector_X,vecCamFixedModeVector_X,,,1,,,0
0x7E4940,,vecCamFixedModeVector_Y,vecCamFixedModeVector_Y,,,1,,,0
0x7E4944,,vecCamFixedModeVector_Z,vecCamFixedModeVector_Z,,,1,,,0
0x7E4948,,vecCamFixedModeSource_X,vecCamFixedModeSource_X,,,1,,,0
0x7E494C,,vecCamFixedModeSource_Y,vecCamFixedModeSource_Y,,,1,,,0
0x7E4950,,vecCamFixedModeSource_Z,vecCamFixedModeSource_Z,,,1,,,0
0x7E4954,,vecCamFixedModeUpOffSet_X,vecCamFixedModeUpOffSet_X,,,1,,,0
0x7E4958,,vecCamFixedModeUpOffSet_Y,vecCamFixedModeUpOffSet_Y,,,1,,,0
0x7E495C,,vecCamFixedModeUpOffSet_Z,vecCamFixedModeUpOffSet_Z,,,1,,,0
0x7E4960,,vecLastAboveWaterCamPosition_X,vecLastAboveWaterCamPosition_X,,,1,,,0
0x7E4964,,vecLastAboveWaterCamPosition_Y,vecLastAboveWaterCamPosition_Y,,,1,,,0
0x7E4968,,vecLastAboveWaterCamPosition_Z,vecLastAboveWaterCamPosition_Z,,,1,,,0
0x7E496C,,vecBufferedPlayerBodyOffset_X,vecBufferedPlayerBodyOffset_X,,,1,,,0
0x7E4970,,vecBufferedPlayerBodyOffset_Y,vecBufferedPlayerBodyOffset_Y,,,1,,,0
0x7E4974,,vecBufferedPlayerBodyOffset_Z,vecBufferedPlayerBodyOffset_Z,,,1,,,0
0x7E4978,,vecLookFront_X,vecLookFront_X,int[1],,4,,,0
0x7E497C,,vecLookFront_Y,vecLookFront_Y,int[1],,4,,,0
0x7E4980,,vecLookFront_Z,vecLookFront_Z,float[1],,4,,,0
0x7E4984,,vecSource_X,vecSource_X,,,1,,,0
0x7E4988,,vecSource_Y,vecSource_Y,,,1,,,0
0x7E498C,,vecSource_Z,vecSource_Z,,,1,,,0
0x7E4990,,vecSourceBeforeLookBehind_X,vecSourceBeforeLookBehind_X,,,1,,,0
0x7E4994,,vecSourceBeforeLookBehind_Y,vecSourceBeforeLookBehind_Y,,,1,,,0
0x7E4998,,vecSourceBeforeLookBehind_Z,vecSourceBeforeLookBehind_Z,,,1,,,0
0x7E499C,,vecLookUp_X,vecLookUp_X,float[1],,4,,,0
0x7E49A0,,vecLookUp_Y,vecLookUp_Y,float[1],,4,,,0
0x7E49A4,,vecLookUp_Z,vecLookUp_Z,float[1],,4,,,0
0x7E49A8,,vecArrPrevVectors1_X,vecArrPrevVectors1_X,,,1,,,0
0x7E49AC,,vecArrPrevVectors1_Y,vecArrPrevVectors1_Y,,,1,,,0
0x7E49B0,,vecArrPrevVectors1_Z,vecArrPrevVectors1_Z,,,1,,,0
0x7E49B4,,vecArrPrevVectors2_X,vecArrPrevVectors2_X,,,1,,,0
0x7E49B8,,vecArrPrevVectors2_Y,vecArrPrevVectors2_Y,,,1,,,0
0x7E49BC,,vecArrPrevVectors2_Z,vecArrPrevVectors2_Z,,,1,,,0
0x7E49C0,,pTargetEntity,pTargetEntity,int[1],,4,,,0
0x7E49C4,,fCameraDistance,fCameraDistance,,,1,,,0
0x7E49C8,,fIdealAlpha,fIdealAlpha,,,1,,,0
0x7E49CC,,fPlayerVelocity,fPlayerVelocity,float[1],,4,,,0
0x7E49D0,,pLastCarEntered,pLastCarEntered,,,1,,,0
0x7E49D4,,pLastPedLookedAt,pLastPedLookedAt,,,1,,,0
0x7E49D8,,bFirstPersonRunAboutActive,bFirstPersonRunAboutActive,,,1,,,0
0x7E49DC,,stCams_2_3,stCams_2_3,,,1,,,0
0x7E4FE0,CPointLights,_ZN12CPointLights7aLightsE,CPointLights::aLights,CPointLight[32],,1408,,,0
0x7E9B08,,_ZN8CPickups9aMessagesE,CPickups::aMessages,tPickupMessage[16],,448,,,0
0x7E9E08,,TempVertexBuffer,TempVertexBuffer,RxObjSpace3DVertex[512],,18432,,,0
0x7EFE50,,_ZN9CParticle10m_CosTableE,CParticle::m_CosTable,float[1024],,4096,,,0
0x7F0EA0,CTheScripts,_ZN11CTheScripts14IntroTextLinesE,CTheScripts::IntroTextLines,tIntroText[48],,11712,,,0
0x7F3C60,,gOperatingSystem,gOperatingSystem,,,1,,,0
0x7F3C68,,gPhysicalMemorySize,gPhysicalMemorySize,,,1,,,0
0x7F3C6C,,gAvailablePhysicalMemorySize,gAvailablePhysicalMemorySize,,,1,,,0
0x7F3C78,,gVideoMemorySize,gVideoMemorySize,,,1,,,0
0x7F3C7C,,gAvailableVideoMemorySize,gAvailableVideoMemorySize,,,1,,,0
0x7F3D28,,stAnimHierarchies,stAnimHierarchies,,,1,,,0
0x7F8378,,gString,gString,char[256],,256,,,0
0x7F8478,,pVehicleTexture,pVehicleTexture,,,1,,,0
0x7F92F8,CRubbish,_ZN8CRubbish7aSheetsE,CRubbish::aSheets,COneSheet[32],,2176,,,0
0x7F9C18,CFileMgr,_ZN8CFileMgr10ms_dirNameE,CFileMgr::ms_dirName,char[128],,128,,,0
0x7FA368,,_rwIm3DModule,_rwIm3DModule,,,1,,,0
0x7FFD38,,fWindSourceX,fWindSourceX,,,1,,,0
0x7FFD3C,,fWindSourceY,fWindSourceY,,,1,,,0
0x7FFD40,,fWindSourceZ,fWindSourceZ,,,1,,,0
0x7FFD44,,dwWindSourceType,dwWindSourceType,,,1,,,0
0x7FFEE0,,buffer,buffer,char[1],,1,,,0
0x8100B8,,pRpWorld,pRpWorld,int,,4,,,0
0x8100BC,,pRwCamera,pRwCamera,int,,4,,,0
0x8116A8,,nLoadModelIndex,nLoadModelIndex,int[1],,4,,,0
0x8116C8,,nChannelStatus,nChannelStatus,int[1],,4,,,0
0x8116CC,,nChannelUnknown,nChannelUnknown,int[1],,4,,,0
0x8116D0,,uDiskOffset,uDiskOffset,int[1],,4,,,0
0x8116D4,,nChannelDiskStatus,nChannelDiskStatus,int[1],,4,,,0
0x8116D8,,nChannelRetryCount,nChannelRetryCount,int[1],,4,,,0
0x811700,,dwChannelTwoStatus,dwChannelTwoStatus,,,1,,,0
0x813D10,,_ZN5CHeli6pHelisE,CHeli::pHelis,CHeli *[4],,16,,,0
0x813D20,,stDxInput_hWnd,stDxInput_hWnd,,,1,,,0
0x813D2C,,stDxInput_fMousePosX,stDxInput_fMousePosX,,,1,,,0
0x813D30,,stDxInput_fMousePosY,stDxInput_fMousePosY,,,1,,,0
0x813D38,,stDxInput_pDxInput8,stDxInput_pDxInput8,,,1,,,0
0x813D3C,,stDxInput_pDxInputDevice8,stDxInput_pDxInputDevice8,,,1,,,0
0x814018,C3dMarkers,_ZN10C3dMarkers14m_aMarkerArrayE,C3dMarkers::m_aMarkerArray,C3dMarker[32],,3840,,,0
0x815128,,_ZN8CCoronas8aCoronasE,CCoronas::aCoronas,CRegisteredCorona[56],,5824,,,0
0x817CE8,,resourcesModule,resourcesModule,,,1,,,0
0x817CF0,,CPhoneInfo,CPhoneInfo,,,1,,,0
0x817CF8,,stPhones,stPhones,int[1],,4,,,0
0x818848,,_ZN13CBrightLights13aBrightLightsE,CBrightLights::aBrightLights,CBrightLight[32],,1792,,,0
0x821280,,_ZN11CTheScripts11ScriptSpaceE,CTheScripts::ScriptSpace,unsigned __int8[260512],,260512,,,0
0x8614D8,CGame,_ZN5CGame8aDatFileE,CGame::aDatFile,char[32],,32,,,0
0x864C70,,cWaterLevel_aWaterFineBlockList,cWaterLevel_aWaterFineBlockList,char[1],,1,,,0
0x869630,,FrontendMenuManager,FrontendMenuManager,CMenuManager,,1668,,,0
0x92D308,,gEaxParameters,gEaxParameters,EAXLISTENERPROPERTIES,,112,,,0
0x92D4C8,,_ZN10CModelInfo16ms_modelInfoPtrsE,CModelInfo::ms_modelInfoPtrs,CVehicleModelInfo *[1],,4,,,0
0x933BC0,,TempBufferRenderIndexList,TempBufferRenderIndexList,__int16[1024],,2048,,,0
0x9360F0,,_rxExecCtxGlobal,_rxExecCtxGlobal,,,1,,,0
0x936908,,bOldMouseButtonLeft,bOldMouseButtonLeft,,,1,,,0
0x936909,,bOldMouseButtonRight,bOldMouseButtonRight,,,1,,,0
0x93690A,,bOldMouseButtonMiddle,bOldMouseButtonMiddle,,,1,,,0
0x93690B,,bOldMouseWheelUp,bOldMouseWheelUp,,,1,,,0
0x93690C,,bOldMouseWheelDown,bOldMouseWheelDown,,,1,,,0
0x93690D,,bOldMouseButton4,bOldMouseButton4,,,1,,,0
0x93690E,,bOldMouseButton5,bOldMouseButton5,,,1,,,0
0x936910,,fOldMousePosX,fOldMousePosX,,,1,,,0
0x936914,,fOldMousePosY,fOldMousePosY,,,1,,,0
0x938288,,TypeOfPedPlayerTable,TypeOfPedPlayerTable,int[50],,200,,,0
0x939228,,byteCarColR,byteCarColR,char[1],,1,,,0
0x939229,,byteCarColG,byteCarColG,,,1,,,0
0x93922A,,byteCarColB,byteCarColB,,,1,,,0
0x93922B,,byteCarColA,byteCarColA,,,1,,,0
0x943088,,_ZN9CParticle10m_SinTableE,CParticle::m_SinTable,float[1024],,4096,,,0
0x944088,,RpHAnimAtomicGlobals,RpHAnimAtomicGlobals,,,1,,,0
0x945850,CPointLights,_ZN12CPointLights21aCachedMapReadResultsE,CPointLights::aCachedMapReadResults,float[32],,128,,,0
0x945D30,,pickup.vPos.X,pickup_vPos_X,float[1],,4,,,0
0x945D34,,pickup.vPos.Y,pickup_vPos_Y,float[1],,4,,,0
0x945D38,,pickup.vPos.Z,pickup_vPos_Z,float[1],,4,,,0
0x945D3C,,pickup.fStandProximity,pickup_fStandProximity,,,1,,,0
0x945D40,,pickup.pObject,pickup_pObject,int[1],,4,,,0
0x945D44,,pickup.pExtraObject,pickup_pExtraObject,int[1],,4,,,0
0x945D48,,pickup.nQuantity,pickup_nQuantity,int[1],,4,,,0
0x945D4C,,pickup.uTimer,pickup_uTimer,,,1,,,0
0x945D50,,pickup_uMoneySpeed,pickup_uMoneySpeed,,,1,,,0
0x945D52,,pickup_nModelId,pickup_nModelId,__int16[1],,2,,,0
0x945D54,,pickup_uUniqueId,pickup_uUniqueId,,,1,,,0
0x945D56,,pickup_szPickupTextKey,pickup_szPickupTextKey,,,1,,,0
0x945D5E,,pickup.uType,pickup_uType,char[1],,1,,,0
0x945D5F,,pickup.bRemoved,pickup_bRemoved,,,1,,,0
0x945D60,,pickup.bEffects,pickup_bEffects,,,1,,,0
0x94AD18,,LightStrengths,LightStrengths,int[4],,16,,,0
0x94AD28,,_ZN6CWorld7PlayersE,CWorld::Players,CPlayerInfo[1],,368,,,0
0x94B1A0,,gAudio3dChannels,gAudio3dChannels,int[1],,4,,,0
0x94B220,,CText,CText,_DWORD,,4,,,0
0x94B788,,pSampleStorage,pSampleStorage,int[1],,4,,,0
0x94B840,,lpBuffer,lpBuffer,LPVOID,,4,,,0
0x94BF40,,stAccidentManager,stAccidentManager,,,1,,,0
0x94D788,,bMouseButtonLeft,bMouseButtonLeft,,,1,,,0
0x94D789,,bMouseButtonRight,bMouseButtonRight,,,1,,,0
0x94D78A,,bMouseButtonMiddle,bMouseButtonMiddle,,,1,,,0
0x94D78B,,bMouseWheelUp,bMouseWheelUp,,,1,,,0
0x94D78C,,bMouseWheelDown,bMouseWheelDown,,,1,,,0
0x94D78D,,bMouseButton4,bMouseButton4,,,1,,,0
0x94D78E,,bMouseButton5,bMouseButton5,,,1,,,0
0x94D790,,fMousePosX,fMousePosX,,,1,,,0
0x94D794,,fMousePosY,fMousePosY,,,1,,,0
0x94DB48,,NumExtraDirLightsInWorld,NumExtraDirLightsInWorld,,,1,,,0
0x94DB54,,_ZN9CSprite2d13RecipNearClipE,CSprite2d::RecipNearClip,,,1,,,0
0x94DB58,,dwNumTiresPopped,dwNumTiresPopped,,,1,,,0
0x94DB5C,,pSpriteRadarHardware,pSpriteRadarHardware,,,1,,,0
0x94DB60,,nChannelToRetry,nChannelToRetry,,,1,,,0
0x94DB80,,dwGangKills1,dwGangKills1,,,1,,,0
0x94DB84,,dwGangKills2,dwGangKills2,,,1,,,0
0x94DB88,,dwGangKills3,dwGangKills3,,,1,,,0
0x94DB8C,,dwGangKills4,dwGangKills4,,,1,,,0
0x94DB90,,dwGangKills5,dwGangKills5,,,1,,,0
0x94DB94,,dwGangKills6,dwGangKills6,,,1,,,0
0x94DB98,,dwGangKills7,dwGangKills7,,,1,,,0
0x94DB9C,,dwGangKills8,dwGangKills8,,,1,,,0
0x94DBA0,,dwGangKills9,dwGangKills9,,,1,,,0
0x94DBAC,,dwNumCriminalsKilled,dwNumCriminalsKilled,,,1,,,0
0x94DBE0,,_ZN6CPools14ms_pObjectPoolE,CPools::ms_pObjectPool,CPool *,,4,,,0
0x94DD1C,,_ZN10CSceneEdit7pActorsE_ptr,_ZN10CSceneEdit7pActorsE_ptr,int[1],,4,,,0
0x94DD38,CDraw,_ZN5CDraw15ms_fAspectRatioE,CDraw::ms_fAspectRatio,float,,4,,,0
0x94DD3C,,pSpriteRadarClub,pSpriteRadarClub,,,1,,,0
0x94DD40,,pRpDirectionalLight,pRpDirectionalLight,,,1,,,0
0x94DD50,,pSpriteRadarBiker,pSpriteRadarBiker,,,1,,,0
0x94DD60,,dwHighestVigilanteLevel,dwHighestVigilanteLevel,,,1,,,0
0x94DD64,,pSpriteRadarDiaz,pSpriteRadarDiaz,,,1,,,0
0x94DD84,,_ZN8CWeather14ExtraSunnynessE,CWeather::ExtraSunnyness,,,1,,,0
0x94DD90,,ppv,ppv,LPVOID,,4,,,0
0x94DDA0,,_ZN10CTimeCycle14m_FogReductionE,CTimeCycle::m_FogReduction,,,1,,,0
0x94DDBC,,pSpriteRadarStrip,pSpriteRadarStrip,,,1,,,0
0x94DDC0,,_ZN8CWeather9FoggynessE,CWeather::Foggyness,,,1,,,0
0x94DDC4,,nAnimBlockCount,nAnimBlockCount,,,1,,,0
0x94DDD0,,_ZN10CStreaming16ms_aInfoForModelE,CStreaming::ms_aInfoForModel,CStreamingInfo[7951],,159020,,,0
0x974B04,,dwBoatsDestroyed,dwBoatsDestroyed,,,1,,,0
0x974B0C,,fMaxMissionPoints,fMaxMissionPoints,,,1,,,0
0x974B2C,CTimer,_ZN6CTimer22m_snTimeInMillisecondsE,CTimer::m_snTimeInMilliseconds,int,,4,,,0
0x974B30,,dwBestJumpType,dwBestJumpType,,,1,,,0
0x974B3C,,dwLongestStoppieTime,dwLongestStoppieTime,,,1,,,0
0x974B40,,_ZN6CGlass16NumGlassEntitiesE,CGlass::NumGlassEntities,,,1,,,0
0x974B44,,pRpAmbientLight,pRpAmbientLight,,,1,,,0
0x974B48,,dwUniqueJumpCount,dwUniqueJumpCount,,,1,,,0
0x974B50,CRubbish,_ZN8CRubbish17RubbishVisibilityE,CRubbish::RubbishVisibility,,,1,,,0
0x974B60,,entity,entity,CVehicle *,,4,,,0
0x974BE8,,_ZN8CWeather13CloudCoverageE,CWeather::CloudCoverage,,,1,,,0
0x974C04,,fDistTravelledByGolfCart,fDistTravelledByGolfCart,,,1,,,0
0x974C08,,dwNumRampagesPassed,dwNumRampagesPassed,,,1,,,0
0x974C0C,,dwNumRampagesTotal,dwNumRampagesTotal,,,1,,,0
0x975088,,pWaterRasterSandy,pWaterRasterSandy,,,1,,,0
0x9751B0,CPointLights,_ZN12CPointLights9NumLightsE,CPointLights::NumLights,unsigned int,,4,,,0
0x9751BC,,pSpriteRadarLawyer,pSpriteRadarLawyer,,,1,,,0
0x9751C4,,pClassArrayListFirst,pClassArrayListFirst,,,1,,,0
0x9751C8,,pSpriteRadarArrow,pSpriteRadarArrow,,,1,,,0
0x9751F0,,dwHelisDestroyed,dwHelisDestroyed,,,1,,,0
0x9751F8,,pSpriteRadarREspantoso,pSpriteRadarREspantoso,,,1,,,0
0x975214,,pWaterRasterReflection,pWaterRasterReflection,,,1,,,0
0x975238,,_RwD3D8DeviceCaps,_RwD3D8DeviceCaps,,,1,,,0
0x97530C,,dwLongestWheelieTime,dwLongestWheelieTime,,,1,,,0
0x975310,,dwHighestFiremanLevel,dwHighestFiremanLevel,,,1,,,0
0x975320,,dwTimesDied,dwTimesDied,,,1,,,0
0x97532C,,dwNumBulletsFired,dwNumBulletsFired,,,1,,,0
0x975330,,dwTimesBusted,dwTimesBusted,,,1,,,0
0x97533C,,_ZN8CWeather4WindE,CWeather::Wind,,,1,,,0
0x975340,,_ZN8CWeather4RainE,CWeather::Rain,,,1,,,0
0x975344,,fRestartOverrideX,fRestartOverrideX,,,1,,,0
0x975348,,fRestartOverrideY,fRestartOverrideY,,,1,,,0
0x97534C,,fRestartOverrideZ,fRestartOverrideZ,,,1,,,0
0x975350,,_ZN8CWeather24LightningFlashLastChangeE,CWeather::LightningFlashLastChange,,,1,,,0
0x975354,,nNumActiveModelRequests,nNumActiveModelRequests,,,1,,,0
0x975370,,pSpriteRadarTommy,pSpriteRadarTommy,,,1,,,0
0x975384,,pSpriteRadarBoatyard,pSpriteRadarBoatyard,,,1,,,0
0x9753A8,CTimer,_ZN6CTimer22ms_fTimeStepNonClippedE,CTimer::ms_fTimeStepNonClipped,float,,4,,,0
0x9753AC,,dwKillsByOthers,dwKillsByOthers,,,1,,,0
0x9753B0,,objectFlags,objectFlags,_DWORD,,4,,,0
0x9753B4,,objects,objects,_DWORD,,4,,,0
0x9753C0,,CPool_CColModel,CPool_CColModel,,,1,,,0
0x975404,,fPropertyDamage,fPropertyDamage,,,1,,,0
0x975424,CTimer,_ZN6CTimer12ms_fTimeStepE,CTimer::ms_fTimeStep,float,,4,,,0
0x975428,,CParticleMgr,CParticleMgr,int[1],,4,,,0
0x97852C,,pSpriteRadarRWildstyle,pSpriteRadarRWildstyle,,,1,,,0
0x978530,,dwMaxUniqueJumpCount,dwMaxUniqueJumpCount,,,1,,,0
0x978534,CDraw,_ZN5CDraw13ms_fNearClipZE,CDraw::ms_fNearClipZ,float,,4,,,0
0x978540,,nHierarchiesLoaded,nHierarchiesLoaded,,,1,,,0
0x978550,,hDigDriver,hDigDriver,,,1,,,0
0x978568,,pCurrentVehicle,pCurrentVehicle,,,1,,,0
0x9785D4,,_ZN5CHeli26TestForNewRandomHelisTimerE,CHeli::TestForNewRandomHelisTimer,,,1,,,0
0x9785E4,,dwMissionPassTime,dwMissionPassTime,,,1,,,0
0x9785F4,,hSampleSfxSdtFile,hSampleSfxSdtFile,,,1,,,0
0x9785F8,,pSpriteRadarPrintworks,pSpriteRadarPrintworks,,,1,,,0
0x9785FC,,_ZN6CWorld19ms_bigBuildingsListE,CWorld::ms_bigBuildingsList,CPtrList[3],,12,,,0
0x978624,,hSampleSfxRawFile,hSampleSfxRawFile,,,1,,,0
0x97863C,,_ZN7CSprite16m_f2DNearScreenZE,CSprite::m_f2DNearScreenZ,,,1,,,0
0x978664,,pSpriteRadarAvery,pSpriteRadarAvery,,,1,,,0
0x978668,,gAudioStreams,gAudioStreams,int[1],,4,,,0
0x978674,,RtAnimAnimationFreeList,RtAnimAnimationFreeList,,,1,,,0
0x9786B0,,pFirstFreeRef,pFirstFreeRef,,,1,,,0
0x9786C0,,fLongestWheelieDist,fLongestWheelieDist,,,1,,,0
0x9786F0,,posn,posn,RwV3d,,12,,,0
0x978704,,angle,angle,float,,4,,,0
0x97871C,,pModelReqLLFirst,pModelReqLLFirst,,,1,,,0
0x978748,,_ZN11CTheScripts14OnAMissionFlagE,CTheScripts::OnAMissionFlag,,,1,,,0
0x978754,,RtAnimAnimationFreeListSpace,RtAnimAnimationFreeListSpace,,,1,,,0
0x978778,,CPool_CAudioScriptObj,CPool_CAudioScriptObj,,,1,,,0
0x978794,,dwKillsByPlayer,dwKillsByPlayer,,,1,,,0
0x978798,,ClumpOffset,ClumpOffset,,,1,,,0
0x9787A8,,dwNumExplosivesFired,dwNumExplosivesFired,,,1,,,0
0x9787B4,,dwVigilanteKills,dwVigilanteKills,,,1,,,0
0x9787D8,,_ZN8CWeather18InterpolationValueE,CWeather::InterpolationValue,float,,4,,,0
0x9787DC,,dwBestJumpFlips,dwBestJumpFlips,,,1,,,0
0x978804,,pSpriteRadarRFlash,pSpriteRadarRFlash,,,1,,,0
0x978810,CGame,_ZN5CGame8currAreaE,CGame::currArea,int,,4,,,0
0x978824,,pSpriteRadarKent,pSpriteRadarKent,,,1,,,0
0x978834,,_ZN6CPools17ms_pTreadablePoolE,CPools::ms_pTreadablePool,,,1,,,0
0x978AA8,,CPager,CPager,,,1,,,0
0x978D14,,dwBestJumpRotation,dwBestJumpRotation,,,1,,,0
0x978D20,,CPlacename,CPlacename,,,1,,,0
0x978D8C,CTimer,_ZN6CTimer30m_snPreviousTimeInMillisecondsE,CTimer::m_snPreviousTimeInMilliseconds,int,,4,,,0
0x978D9C,,pSpriteRadarRwave,pSpriteRadarRwave,,,1,,,0
0x978DB8,,dwHighestParamedicLevel,dwHighestParamedicLevel,,,1,,,0
0x978DBC,,stCutsceneCol,stCutsceneCol,CColModel,,76,,,0
0x978E08,,dwNumPropertiesOwned,dwNumPropertiesOwned,,,1,,,0
0x978E50,,pSpriteRadarFilmStudio,pSpriteRadarFilmStudio,,,1,,,0
0x978E54,,fRestartOverrideHeading,fRestartOverrideHeading,,,1,,,0
0x978E58,,mod_HandlingManager,mod_HandlingManager,,,1,,,0
0x978E6C,,stHandlingData,stHandlingData,,,1,,,0
0x97EAC4,,stHandlingDataPlane,stHandlingDataPlane,,,1,,,0
0x97EDBC,,stHandlingDataBoat,stHandlingDataBoat,,,1,,,0
0x97F05C,,_ZN9CSprite2d11NearScreenZE,CSprite2d::NearScreenZ,,,1,,,0
0x97F1F4,,dwNumDaysPassed,dwNumDaysPassed,,,1,,,0
0x97F204,,nCurrentMapLevel,nCurrentMapLevel,,,1,,,0
0x97F210,,fBestJumpDistance,fBestJumpDistance,,,1,,,0
0x97F214,,_ZN9CSprite2d15nextBufferIndexE,CSprite2d::nextBufferIndex,,,1,,,0
0x97F218,,pSpriteRadarCortez,pSpriteRadarCortez,,,1,,,0
0x97F240,,_ZN6CPools16ms_pBuildingPoolE,CPools::ms_pBuildingPool,CPool *,,4,,,0
0x97F25C,,_ZN6CPools13ms_pDummyPoolE,CPools::ms_pDummyPool,,,1,,,0
0x97F264,CTimer,_ZN6CTimer13ms_fTimeScaleE,CTimer::ms_fTimeScale,float,,4,,,0
0x97F274,CDraw,_ZN5CDraw15ms_fLODDistanceE,CDraw::ms_fLODDistance,float,,4,,,0
0x97F278,,pSpriteRadarPhil,pSpriteRadarPhil,,,1,,,0
0x97F2AC,,_ZN6CPools11ms_pPedPoolE,CPools::ms_pPedPool,CPool *,,4,,,0
0x97F2B4,CClock,_ZN6CClock29ms_nMillisecondsPerGameMinuteE,CClock::ms_nMillisecondsPerGameMinute,unsigned int,,4,,,0
0x97F2BC,,_ZN13CBrightLights15NumBrightLightsE,CBrightLights::NumBrightLights,,,1,,,0
0x97F2C4,,dwChaseStat,dwChaseStat,,,1,,,0
0x97F2D0,,pSpriteRadarREmotion,pSpriteRadarREmotion,,,1,,,0
0x97F2D4,,_ZN8CWeather23TrafficLightsBrightnessE,CWeather::TrafficLightsBrightness,,,1,,,0
0x97F33C,,_ZN7CSprite15m_f2DFarScreenZE,CSprite::m_f2DFarScreenZ,,,1,,,0
0x97F348,,_ZN6CStats21PamphletMissionPassedE,CStats::PamphletMissionPassed,,,1,,,0
0x97F820,,bFontColorR,bFontColorR,,,1,,,0
0x97F821,,bFontColorG,bFontColorG,,,1,,,0
0x97F822,,bFontColorB,bFontColorB,,,1,,,0
0x97F823,,bFontColorA,bFontColorA,,,1,,,0
0x97F848,,bFontBgColorR,bFontBgColorR,,,1,,,0
0x97F849,,bFontBgColorG,bFontBgColorG,,,1,,,0
0x97F84A,,bFontBgColorB,bFontBgColorB,,,1,,,0
0x97F84B,,bFontBgColorA,bFontBgColorA,,,1,,,0
0x97F84C,,fFontWrapX,fFontWrapX,,,1,,,0
0x97F862,,fFontDropColorR,fFontDropColorR,,,1,,,0
0x97F863,,fFontDropColorG,fFontDropColorG,,,1,,,0
0x97F864,,fFontDropColorB,fFontDropColorB,,,1,,,0
0x97F865,,fFontDropColorA,fFontDropColorA,,,1,,,0
0x97F884,,nNumPriorityModelRequests,nNumPriorityModelRequests,,,1,,,0
0x97F8A0,,stFireManager,stFireManager,,,1,,,0
0x980024,,pSpriteRadarKCabs,pSpriteRadarKCabs,,,1,,,0
0x980038,,cMusicManager,cMusicManager,,,1,,,0
0x983B84,,lpZoneNameTextOld,lpZoneNameTextOld,,,1,,,0
0x983B8C,,pWaterRasterWake,pWaterRasterWake,,,1,,,0
0x983B90,,cSampleManager,cSampleManager,,,1,,,0
0x9B4854,,gAudioChannels,gAudioChannels,int[18],,72,,,0
0x9B48A4,,pSpriteRadarRVCPR,pSpriteRadarRVCPR,,,1,,,0
0x9B48A8,,_ZN6CWorld23ms_listMovingEntityPtrsE,CWorld::ms_listMovingEntityPtrs,CPtrList,,4,,,0
0x9B48AC,,_ZN15CParticleObject14pCloseListHeadE,CParticleObject::pCloseListHead,,,1,,,0
0x9B48B0,,fPropertyBudget,fPropertyBudget,,,1,,,0
0x9B48B4,,dwTimesDrowned,dwTimesDrowned,,,1,,,0
0x9B48D0,,fLongest2WheelDist,fLongest2WheelDist,,,1,,,0
0x9B48D8,,RsGlobal,RsGlobal,RsGlobalType,,68,,,0
0x9B5EA8,,dwLivesSavedAmbu,dwLivesSavedAmbu,,,1,,,0
0x9B5EAC,,_ZN8CWeather24WhenToPlayLightningSoundE,CWeather::WhenToPlayLightningSound,,,1,,,0
0x9B5EB8,,dwStarsAttained,dwStarsAttained,,,1,,,0
0x9B5EFC,,pSpriteRadarGun,pSpriteRadarGun,,,1,,,0
0x9B5F08,,dwGameLoadState,dwGameLoadState,,,1,,,0
0x9B5F0C,,pAnimBlendAssocGroups,pAnimBlendAssocGroups,,,1,,,0
0x9B5F20,CPointLights,_ZN12CPointLights15NextCachedValueE,CPointLights::NextCachedValue,unsigned int,,4,,,0
0x9B5F30,,dwStarsEvaded,dwStarsEvaded,,,1,,,0
0x9B5F44,,fLongestStoppieDist,fLongestStoppieDist,,,1,,,0
0x9B5F54,,pSpriteRadarLovefist,pSpriteRadarLovefist,,,1,,,0
0x9B5F84,,_ZN8CWeather14LightningStartE,CWeather::LightningStart,,,1,,,0
0x9B5F90,,_ZN7CSprite31m_bFlushSpriteBufferSwitchZTestE,CSprite::m_bFlushSpriteBufferSwitchZTest,,,1,,,0
0x9B6A48,,fDistTravelledByHeli,fDistTravelledByHeli,,,1,,,0
0x9B6A4C,,_ZN9CTxdStore11ms_pTxdPoolE,CTxdStore::ms_pTxdPool,,,1,,,0
0x9B6A68,,pWaterRasterClear,pWaterRasterClear,,,1,,,0
0x9B6A74,,gpPointlightRaster,gpPointlightRaster,struct RwRaster *,,4,,,0
0x9B6A80,,dwCurrentCar,dwCurrentCar,,,1,,,0
0x9B6A84,,dwFiresExtinguished,dwFiresExtinguished,,,1,,,0
0x9B6A94,,_ZN8CWeather11WindClippedE,CWeather::WindClipped,,,1,,,0
0x9B6A9C,,_ZN8CWeather8WetRoadsE,CWeather::WetRoads,,,1,,,0
0x9B6AA8,,_ZN7CSprite21m_fRecipNearClipPlaneE,CSprite::m_fRecipNearClipPlane,,,1,,,0
0x9B6AB8,,_RwD3D8AdapterInformation,_RwD3D8AdapterInformation,,,1,,,0
0x9B6CBC,,_RwD3D8AdapterInformation_DisplayMode,_RwD3D8AdapterInformation_DisplayMode,,,1,,,0
0x9B6CC8,,_RwD3D8AdapterInformation_Unkn001,_RwD3D8AdapterInformation_Unkn001,,,1,,,0
0x9B6CD4,,dwNumBulletsHit,dwNumBulletsHit,,,1,,,0
0x9B6CD8,,pSpriteRadarProperty,pSpriteRadarProperty,,,1,,,0
0x9B6CDC,,fMissionPoints,fMissionPoints,,,1,,,0
0x9B6CF8,,COnScreenTimer,COnScreenTimer,,,1,,,0
0x9B6E08,,pSpriteRadarCentre,pSpriteRadarCentre,,,1,,,0
0x9B6E0C,,_ZN8CWeather17WeatherTypeInListE,CWeather::WeatherTypeInList,,,1,,,0
0x9B6E34,,pSpriteRadarNorth,pSpriteRadarNorth,,,1,,,0
0x9B6E38,,dwNumHeadshots,dwNumHeadshots,,,1,,,0
0x9B6E3C,,_ZN10CSceneEdit9pVehiclesE_ptr,_ZN10CSceneEdit9pVehiclesE_ptr,int[1],,4,,,0
0x9B6E50,,pSpriteRadarRKChat,pSpriteRadarRKChat,,,1,,,0
0x9B6E58,,pLineOfSightIgnore,pLineOfSightIgnore,,,1,,,0
0x9B6E5C,,CPathFind,CPathFind,int[1],,4,,,0
0xA0CE94,,fSplashProgress,fSplashProgress,,,1,,,0
0xA0CFD0,,pSpriteRadarRVRock,pSpriteRadarRVRock,,,1,,,0
0xA0CFD8,,fBestJumpHeight,fBestJumpHeight,,,1,,,0
0xA0CFDC,,uStreamingMemUsed,uStreamingMemUsed,,,1,,,0
0xA0CFE8,,_ZN8CWeather17LightningDurationE,CWeather::LightningDuration,int,,4,,,0
0xA0CFF0,,_ZN9CSprite2d16nextBufferVertexE,CSprite2d::nextBufferVertex,,,1,,,0
0xA0CFF8,,_ZN10CTimeCycle20m_CurrentStoredValueE,CTimeCycle::m_CurrentStoredValue,float,,4,,,0
0xA0D05C,,_ZN8CWeather7RainbowE,CWeather::Rainbow,,,1,,,0
0xA0D068,,fFashionBudget,fFashionBudget,,,1,,,0
0xA0D078,,pSavedTexDict,pSavedTexDict,,,1,,,0
0xA0D07C,,Buffer,Buffer,char[260],,260,,,0
0xA0D184,CRubbish,_ZN8CRubbish15StartMoversListE,CRubbish::StartMoversList,COneSheet,,68,,,0
0xA0D1CC,,cCullZones_CurrentFlags_Camera,cCullZones_CurrentFlags_Camera,,,1,,,0
0xA0D1D4,,pSpriteRadarSunYard,pSpriteRadarSunYard,,,1,,,0
0xA0D1DC,,dwTaxiMsnsDone,dwTaxiMsnsDone,,,1,,,0
0xA0D1E4,,_ZN9CRenderer23ms_nNoOfVisibleEntitiesE,CRenderer::ms_nNoOfVisibleEntities,,,1,,,0
0xA0D1F0,,dwNumWindSources,dwNumWindSources,,,1,,,0
0xA0D1F4,,pModelReqLLLast,pModelReqLLLast,,,1,,,0
0xA0D228,,dwNumSafehouseVisits,dwNumSafehouseVisits,,,1,,,0
0xA0D244,CRubbish,_ZN8CRubbish13EndMoversListE,CRubbish::EndMoversList,COneSheet,,68,,,0
0xA0D2D8,,fDistTravelledByBike,fDistTravelledByBike,,,1,,,0
0xA0D2DC,,pSpriteRadarBikers,pSpriteRadarBikers,,,1,,,0
0xA0D330,,pSpriteRadarCubans,pSpriteRadarCubans,,,1,,,0
0xA0D334,CRubbish,_ZN8CRubbish14StartEmptyListE,CRubbish::StartEmptyList,COneSheet,,68,,,0
0xA0D384,,fDistTravelledByBoat,fDistTravelledByBoat,,,1,,,0
0xA0D388,,dwCarsDestoyed,dwCarsDestoyed,,,1,,,0
0xA0D870,,_ZN15CParticleObject15pUnusedListHeadE,CParticleObject::pUnusedListHead,,,1,,,0
0xA0D894,CTimer,_ZN6CTimer32m_snTimeInMillisecondsNonClippedE,CTimer::m_snTimeInMillisecondsNonClipped,int,,4,,,0
0xA0D898,CTimer,_ZN6CTimer14m_FrameCounterE,CTimer::m_FrameCounter,unsigned int,,4,,,0
0xA0D8B0,,_RwD3D8RasterExtOffset,_RwD3D8RasterExtOffset,,,1,,,0
0xA0D8B4,,pColStore,pColStore,,,1,,,0
0xA0D8BC,,_ZN6CPools21ms_pEntryInfoNodePoolE,CPools::ms_pEntryInfoNodePool,CPool *,,4,,,0
0xA0D8D4,CRubbish,_ZN8CRubbish14EndStaticsListE,CRubbish::EndStaticsList,COneSheet,,68,,,0
0xA0D96C,,CLinkList_CAnimBlendHierarchy,CLinkList_CAnimBlendHierarchy,,,1,,,0
0xA0D9A4,,pSpriteRadarSave,pSpriteRadarSave,,,1,,,0
0xA0D9A8,,pWaterAtomicSandy,pWaterAtomicSandy,,,1,,,0
0xA0D9AC,CGame,_ZN5CGame9currLevelE,CGame::currLevel,int,,4,,,0
0xA0D9B4,,fDistTravelledOnFoot,fDistTravelledOnFoot,,,1,,,0
0xA0D9C8,,dwTaxiEarnings,dwTaxiEarnings,,,1,,,0
0xA0D9D0,CRubbish,_ZN8CRubbish12EndEmptyListE,CRubbish::EndEmptyList,COneSheet,,68,,,0
0xA0DAC0,,cCullZones_CurrentFlags_Player,cCullZones_CurrentFlags_Player,,,1,,,0
0xA0DACC,,pSpriteRadarIcecream,pSpriteRadarIcecream,,,1,,,0
0xA0DAE0,,stDummyRequest,stDummyRequest,,,1,,,0
0xA0DAF8,,_ZN15CParticleObject12pFarListHeadE,CParticleObject::pFarListHead,,,1,,,0
0xA0DC90,,pSpriteRadarRFever,pSpriteRadarRFever,,,1,,,0
0xA0FC90,,uArchiveTotalSize,uArchiveTotalSize,,,1,,,0
0xA0FC94,,dwNumSprayings,dwNumSprayings,,,1,,,0
0xA0FC9C,,gAilProvider,gAilProvider,,,1,,,0
0xA0FCA0,,_rxPipelineGlobalsOffset,_rxPipelineGlobalsOffset,,,1,,,0
0xA0FCA4,,pSpriteRadarPhone,pSpriteRadarPhone,,,1,,,0
0xA0FCAC,,_ZN6CStats16NoMoreHurricanesE,CStats::NoMoreHurricanes,,,1,,,0
0xA0FCB0,CRubbish,_ZN8CRubbish16StartStaticsListE,CRubbish::StartStaticsList,COneSheet,,68,,,0
0xA0FCF8,,dwLongest2WheelTime,dwLongest2WheelTime,,,1,,,0
0xA0FCFC,,fDistTravelledByCar,fDistTravelledByCar,,,1,,,0
0xA0FD04,,Present,Present,,,1,,,0
0xA0FD38,,_ZN6CPools15ms_pPtrNodePoolE,CPools::ms_pPtrNodePool,,,1,,,0
0xA0FD48,,gb_EAX_supported,gb_EAX_supported,,,1,,,0
0xA0FD58,,pSpriteRadarTshirt,pSpriteRadarTshirt,,,1,,,0
0xA0FD78,,pSpriteRadarSpray,pSpriteRadarSpray,,,1,,,0
0xA0FD7C,,_ZN8CWeather8SunGlareE,CWeather::SunGlare,float,,4,,,0
0xA0FDCC,,fWeaponBudget,fWeaponBudget,,,1,,,0
0xA0FDE4,,_ZN6CPools15ms_pVehiclePoolE,CPools::ms_pVehiclePool,CPool *,,4,,,0
0xA0FDEC,CClock,_ZN6CClock17ms_nLastClockTickE,CClock::ms_nLastClockTick,unsigned int,,4,,,0
0xA1023C,,dwNumMissionAttempts,dwNumMissionAttempts,,,1,,,0
0xA10240,,TimeStartedCountingForFade,TimeStartedCountingForFade,,,1,,,0
0xA10298,,fRepairPaintBudget,fRepairPaintBudget,,,1,,,0
0xA10678,CDraw,_ZN5CDraw12ms_fFarClipZE,CDraw::ms_fFarClipZ,float,,4,,,0
0xA10680,CTimer,oldPcTimer,oldPcTimer,int,,4,,,0
0xA1068C,,_ZN12CCutsceneMgr21ms_cutsceneLoadStatusE,CCutsceneMgr::ms_cutsceneLoadStatus,,,1,,,0
0xA1069C,,nNumOfPeds,nNumOfPeds,,,1,,,0
0xA106AC,,stLinkList_CColModel,stLinkList_CColModel,,,1,,,0
0xA1085C,,pSpriteRadarHaitians,pSpriteRadarHaitians,,,1,,,0
0xA10860,,pWaterAtomicClear,pWaterAtomicClear,,,1,,,0
0xA108B0,,nNumOfMp3Files,nNumOfMp3Files,,,1,,,0
0xA10936,,_ZN18CRecordDataForGame14RecordingStateE,CRecordDataForGame::RecordingState,,,1,,,0
0xA1093C,,_ZN13CMovingThings3NumE,CMovingThings::Num,,,1,,,0
0xA10942,,KeyPresses,KeyPresses,,,1,,,0
0xA1097C,,_ZN10CSceneEdit10m_nVehicleE_ptr,_ZN10CSceneEdit10m_nVehicleE_ptr,,,1,,,0
0xA1098E,,_ZN6CWorld19ms_nCurrentScanCodeE,CWorld::ms_nCurrentScanCode,,,1,,,0
0xA10A2E,,_ZN8CWeather14NewWeatherTypeE,CWeather::NewWeatherType,,,1,,,0
0xA10A38,,bObjInMainSCM,bObjInMainSCM,,,1,,,0
0xA10A3C,CClock,_ZN6CClock20ms_nGameClockSecondsE,CClock::ms_nGameClockSeconds,unsigned __int16,,2,,,0
0xA10A42,,_ZN8CWeather17ForcedWeatherTypeE,CWeather::ForcedWeatherType,,,1,,,0
0xA10A48,CTheScripts,_ZN11CTheScripts31NumberOfIntroTextLinesThisFrameE,CTheScripts::NumberOfIntroTextLinesThisFrame,__int16,,2,,,0
0xA10A4C,,bInvertMouseV,bInvertMouseV,,,1,,,0
0xA10A4D,,bInvertMouseH,bInvertMouseH,char,,1,,,0
0xA10A50,,wDbgMenuSel,wDbgMenuSel,,,1,,,0
0xA10A52,,_ZN10CSceneEdit8m_nActorE_ptr,_ZN10CSceneEdit8m_nActorE_ptr,,,1,,,0
0xA10A5A,,_ZN8CPickups11NumMessagesE,CPickups::NumMessages,,,1,,,0
0xA10A5E,CClock,_ZN6CClock27ms_Stored_nGameClockSecondsE,CClock::ms_Stored_nGameClockSeconds,unsigned __int16,,2,,,0
0xA10A6A,,_ZN5CHeli14NumRandomHelisE,CHeli::NumRandomHelis,,,1,,,0
0xA10AAA,,_ZN8CWeather14OldWeatherTypeE,CWeather::OldWeatherType,,,1,,,0
0xA10AB2,,_ZN12CCutsceneMgr10ms_runningE,CCutsceneMgr::ms_running,,,1,,,0
0xA10AB3,,bChtOurGodGiven,bChtOurGodGiven,,,1,,,0
0xA10AB8,CGame,_ZN5CGame10germanGameE,CGame::germanGame,bool,,1,,,0
0xA10ADB,,_ZN5CHeli12ScriptHeliOnE,CHeli::ScriptHeliOn,,,1,,,0
0xA10ADC,,bChtGreenLight,bChtGreenLight,,,1,,,0
0xA10AED,CDraw,_ZN5CDraw8FadeBlueE,CDraw::FadeBlue,unsigned __int8,,1,,,0
0xA10AF0,,_ZN5CHeli23CatalinaHasBeenShotDownE,CHeli::CatalinaHasBeenShotDown,,,1,,,0
0xA10AF4,,bHasUsedCamera,bHasUsedCamera,,,1,,,0
0xA10AF5,,bReservedOne,bReservedOne,,,1,,,0
0xA10AF6,,_ZN7CReplay4ModeE,CReplay::Mode,,,1,,,0
0xA10AF8,,bOverrideRestart,bOverrideRestart,,,1,,,0
0xA10AF9,,bIsGameInitialized,bIsGameInitialized,,,1,,,0
0xA10AFB,,_ZN6CWorld13PlayerInFocusE,CWorld::PlayerInFocus,unsigned __int8,,1,,,0
0xA10AFD,,bOwnProperty00,bOwnProperty00,,,1,,,0
0xA10AFE,,bOwnProperty01,bOwnProperty01,,,1,,,0
0xA10AFF,,bOwnProperty02,bOwnProperty02,,,1,,,0
0xA10B00,,bOwnProperty03,bOwnProperty03,,,1,,,0
0xA10B01,,bOwnProperty04,bOwnProperty04,,,1,,,0
0xA10B02,,bOwnProperty05,bOwnProperty05,,,1,,,0
0xA10B03,,bOwnProperty06,bOwnProperty06,,,1,,,0
0xA10B04,,bOwnProperty07,bOwnProperty07,,,1,,,0
0xA10B05,,bOwnProperty08,bOwnProperty08,,,1,,,0
0xA10B06,,bOwnProperty09,bOwnProperty09,,,1,,,0
0xA10B07,,bOwnProperty10,bOwnProperty10,,,1,,,0
0xA10B08,,bOwnProperty11,bOwnProperty11,,,1,,,0
0xA10B09,,bOwnProperty12,bOwnProperty12,,,1,,,0
0xA10B0A,,bOwnProperty13,bOwnProperty13,,,1,,,0
0xA10B0B,,bOwnProperty14,bOwnProperty14,,,1,,,0
0xA10B0F,,bChtGrip,bChtGrip,,,1,,,0
0xA10B10,,bChtDetails,bChtDetails,,,1,,,0
0xA10B11,,bChtFlyBoat,bChtFlyBoat,,,1,,,0
0xA10B16,CDraw,_ZN5CDraw9FadeValueE,CDraw::FadeValue,unsigned __int8,,1,,,0
0xA10B1E,,bStreamingPaused,bStreamingPaused,,,1,,,0
0xA10B21,CDraw,_ZN5CDraw9FadeGreenE,CDraw::FadeGreen,unsigned __int8,,1,,,0
0xA10B23,,_ZN12CSmokeTrails5CigOnE,CSmokeTrails::CigOn,,,1,,,0
0xA10B26,,bChtPinkCars,bChtPinkCars,,,1,,,0
0xA10B28,,bChtFlyCar,bChtFlyCar,,,1,,,0
0xA10B29,,bProcessPedsOnBoatsAndBikes,bProcessPedsOnBoatsAndBikes,,,1,,,0
0xA10B2B,,bDemoExpired,bDemoExpired,,,1,,,0
0xA10B2D,,bDbgMenu,bDbgMenu,,,1,,,0
0xA10B2E,,bHasUsedCheat,bHasUsedCheat,,,1,,,0
0xA10B30,,bChtWheels,bChtWheels,,,1,,,0
0xA10B33,CClock,_ZN6CClock25ms_Stored_nGameClockHoursE,CClock::ms_Stored_nGameClockHours,unsigned __int8,,1,,,0
0xA10B36,CTimer,_ZN6CTimer11m_UserPauseE,CTimer::m_UserPause,bool,,1,,,0
0xA10B38,,_ZN8CWeather17bScriptsForceRainE,CWeather::bScriptsForceRain,,,1,,,0
0xA10B39,,bDbgMenuClick,bDbgMenuClick,,,1,,,0
0xA10B3A,,bTaxiJump,bTaxiJump,,,1,,,0
0xA10B3C,CClock,_ZN6CClock19bClockHasBeenStoredE,CClock::bClockHasBeenStored,bool,,1,,,0
0xA10B3E,,bSoundEnabled,bSoundEnabled,,,1,,,0
0xA10B40,,_ZN5CHeli14CatalinaHeliOnE,CHeli::CatalinaHeliOn,,,1,,,0
0xA10B41,,bProcessPriorityList,bProcessPriorityList,,,1,,,0
0xA10B45,,bDisableHud,bDisableHud,,,1,,,0
0xA10B46,,bCentreAtCam,bCentreAtCam,,,1,,,0
0xA10B47,,bChtTraffic,bChtTraffic,,,1,,,0
0xA10B48,,bFreezeWorld,bFreezeWorld,,,1,,,0
0xA10B4A,,bProcessDeadPeds,bProcessDeadPeds,,,1,,,0
0xA10B4B,CDraw,_ZN5CDraw7FadeRedE,CDraw::FadeRed,unsigned __int8,,1,,,0
0xA10B4C,,bUseStandardControls,bUseStandardControls,,,1,,,0
0xA10B4F,,bResetCamera,bResetCamera,,,1,,,0
0xA10B50,,bMP3Playing,bMP3Playing,,,1,,,0
0xA10B54,CRubbish,_ZN8CRubbish17bRubbishInvisibleE,CRubbish::bRubbishInvisible,,,1,,,0
0xA10B56,,StillToFadeOut,StillToFadeOut,,,1,,,0
0xA10B5D,CClock,_ZN6CClock27ms_Stored_nGameClockMinutesE,CClock::ms_Stored_nGameClockMinutes,unsigned __int8,,1,,,0
0xA10B5F,,bChtFannyMagnet,bChtFannyMagnet,,,1,,,0
0xA10B63,,_ZN12CCutsceneMgr21ms_cutsceneProcessingE,CCutsceneMgr::ms_cutsceneProcessing,,,1,,,0
0xA10B64,,bCurCutsceneHasAnimFile,bCurCutsceneHasAnimFile,,,1,,,0
0xA10B65,,_ZN10CSceneEdit18m_bVehicleSelectedE_ptr,_ZN10CSceneEdit18m_bVehicleSelectedE_ptr,,,1,,,0
0xA10B67,,_ZN8CWeather14LightningFlashE,CWeather::LightningFlash,,,1,,,0
0xA10B68,,bWhiteScanLines,bWhiteScanLines,,,1,,,0
0xA10B69,,bGrnScanLines,bGrnScanLines,,,1,,,0
0xA10B6B,CClock,_ZN6CClock18ms_nGameClockHoursE,CClock::ms_nGameClockHours,unsigned __int8,,1,,,0
0xA10B6D,,bIsMissionReturnTaxi,bIsMissionReturnTaxi,,,1,,,0
0xA10B6E,,bForceQuit,bForceQuit,,,1,,,0
0xA10B70,,bProcessVehicleWheels,bProcessVehicleWheels,,,1,,,0
0xA10B72,,_ZN8CWeather14LightningBurstE,CWeather::LightningBurst,,,1,,,0
0xA10B75,,bAlwaysSplitTxdLoad,bAlwaysSplitTxdLoad,,,1,,,0
0xA10B76,CTimer,_ZN6CTimer11m_CodePauseE,CTimer::m_CodePause,bool,,1,,,0
0xA10B7E,,JustLoadedDontFadeInYet,JustLoadedDontFadeInYet,,,1,,,0
0xA10B80,,bFastTime,bFastTime,,,1,,,0
0xA10B81,,bChtSeaways,bChtSeaways,,,1,,,0
0xA10B82,,bChtBlackCars,bChtBlackCars,,,1,,,0
0xA10B83,,bTransTextBox,bTransTextBox,,,1,,,0
0xA10B87,,gbFastTime,gbFastTime,,,1,,,0
0xA10B8A,,DMAudio,DMAudio,,,1,,,0
0xA10B8D,CGame,_ZN5CGame12playingIntroE,CGame::playingIntro,bool,,1,,,0
0xA10B92,CClock,_ZN6CClock20ms_nGameClockMinutesE,CClock::ms_nGameClockMinutes,unsigned __int8,,1,,,0
0xA10B95,CGame,_ZN5CGame10frenchGameE,CGame::frenchGame,bool,,1,,,0
0xA10B96,,bNotProcessingCols,bNotProcessingCols,,,1,,,0
0xA10B98,,_ZN19CRecordDataForChase6StatusE,CRecordDataForChase::Status,,,1,,,0
0xA10B99,CGame,_ZN5CGame13noProstitutesE,CGame::noProstitutes,bool,,1,,,0
0xA10B9C,,bShowCredits,bShowCredits,,,1,,,0
0xA10B9D,,_ZN10CSceneEdit16m_bActorSelectedE_ptr,_ZN10CSceneEdit16m_bActorSelectedE_ptr,,,1,,,0
